t_ms,s,thr
100.0,959,518.5
150.0,959,518.5
200.0,959,518.5
250.0,959,518.5
300.0,959,518.5
350.0,959,518.5
400.0,959,518.5
450.0,959,518.5
500.0,959,518.5
550.0,959,518.5
600.0,959,518.5
650.0,959,518.5
700.0,958,518.5
750.0,959,518.5
800.0,958,518.5
850.0,958,518.5
900.0,958,518.5
950.0,959,518.5
1000.0,959,518.5
1050.0,959,518.5
1100.0,959,518.5
1150.0,959,518.5
1200.0,958,518.5
1250.0,958,518.5
1300.0,958,518.5
1350.0,959,518.5
1400.0,958,518.5
1451.0,957,518.5
1501.0,956,518.5
1551.0,956,518.5
1601.0,957,518.5
1651.0,956,518.5
1701.0,956,518.5
1751.0,957,518.5
1801.0,956,518.5
1851.0,956,518.5
1901.0,957,518.5
1951.0,956,518.5
2001.0,957,518.5
2051.0,956,518.5
2101.0,956,518.5
2151.0,956,518.5
2201.0,956,518.5
2251.0,957,518.5
2301.0,956,518.5
2351.0,956,518.5
2401.0,956,518.5
2451.0,957,518.5
2501.0,956,518.5
2551.0,957,518.5
2601.0,956,518.5
2651.0,957,518.5
2701.0,957,518.5
2751.0,956,518.5
2801.0,956,518.5
2851.0,956,518.5
2902.0,956,518.5
2952.0,956,518.5
3002.0,957,518.5
3052.0,956,518.5
3102.0,957,518.5
3152.0,956,518.5
3202.0,956,518.5
3252.0,957,518.5
3302.0,956,518.5
3352.0,957,518.5
3402.0,956,518.5
3452.0,956,518.5
3502.0,957,518.5
3552.0,956,518.5
3602.0,957,518.5
3652.0,956,518.5
3702.0,956,518.5
3752.0,956,518.5
3802.0,956,518.5
3852.0,956,518.5
3902.0,956,518.5
3952.0,956,518.5
4002.0,956,518.5
4052.0,956,518.5
4102.0,956,518.5
4152.0,956,518.5
4202.0,956,518.5
4252.0,956,518.5
4302.0,956,518.5
4352.0,956,518.5
4402.0,956,518.5
4452.0,956,518.5
4502.0,956,518.5
4552.0,956,518.5
4602.0,957,518.5
4652.0,956,518.5
4702.0,956,518.5
4752.0,956,518.5
4802.0,956,518.5
4852.0,956,518.5
4902.0,956,518.5
4952.0,956,518.5
5002.0,955,518.5
5052.0,955,518.5
5102.0,955,518.5
5152.0,956,518.5
5202.0,955,518.5
5252.0,955,518.5
5302.0,955,518.5
5352.0,955,518.5
5402.0,955,518.5
5452.0,955,518.5
5502.0,956,518.5
5552.0,955,518.5
5602.0,955,518.5
5652.0,955,518.5
5702.0,956,518.5
5752.0,955,518.5
5803.0,956,518.5
5853.0,955,518.5
5903.0,955,518.5
5953.0,956,518.5
6003.0,956,518.5
6053.0,956,518.5
6103.0,955,518.5
6153.0,956,518.5
6203.0,956,518.5
6253.0,956,518.5
6303.0,955,518.5
6353.0,955,518.5
6403.0,955,518.5
6453.0,955,518.5
6503.0,956,518.5
6553.0,956,518.5
6603.0,955,518.5
6653.0,956,518.5
6703.0,956,518.5
6753.0,956,518.5
6803.0,955,518.5
6853.0,955,518.5
6903.0,956,518.5
6953.0,956,518.5
7003.0,956,518.5
7053.0,955,518.5
7103.0,955,518.5
7153.0,955,518.5
7203.0,955,518.5
7254.0,956,518.5
7304.0,955,518.5
7354.0,955,518.5
7404.0,956,518.5
7454.0,956,518.5
7504.0,956,518.5
7554.0,955,518.5
7604.0,955,518.5
7654.0,956,518.5
7704.0,956,518.5
7754.0,956,518.5
7804.0,956,518.5
7854.0,955,518.5
7904.0,955,518.5
7954.0,955,518.5
8004.0,955,518.5
8054.0,956,518.5
8104.0,955,518.5
8154.0,955,518.5
8204.0,955,518.5
8254.0,956,518.5
8304.0,955,518.5
8354.0,956,518.5
8404.0,955,518.5
8454.0,955,518.5
8504.0,956,518.5
8554.0,956,518.5
8604.0,955,518.5
8654.0,955,518.5
8704.0,955,518.5
8754.0,955,518.5
8804.0,955,518.5
8854.0,955,518.5
8904.0,955,518.5
8954.0,955,518.5
9004.0,956,518.5
9054.0,955,518.5
9104.0,955,518.5
9154.0,955,518.5
9204.0,955,518.5
9254.0,955,518.5
9304.0,955,518.5
9354.0,955,518.5
9404.0,955,518.5
9454.0,956,518.5
9504.0,956,518.5
9554.0,956,518.5
9604.0,955,518.5
9654.0,955,518.5
9704.0,955,518.5
9754.0,955,518.5
9804.0,956,518.5
9854.0,955,518.5
9904.0,955,518.5
9954.0,955,518.5
10004.0,955,518.5
10054.0,955,518.5
10104.0,955,518.5
10155.0,955,518.5
10205.0,955,518.5
10255.0,955,518.5
10305.0,956,518.5
10355.0,956,518.5
10405.0,955,518.5
10455.0,956,518.5
10505.0,955,518.5
10555.0,956,518.5
10605.0,956,518.5
10655.0,956,518.5
10705.0,955,518.5
10755.0,955,518.5
10805.0,956,518.5
10855.0,955,518.5
10905.0,955,518.5
10955.0,955,518.5
11005.0,956,518.5
11055.0,956,518.5
11105.0,956,518.5
11155.0,956,518.5
11205.0,956,518.5
11255.0,955,518.5
11305.0,956,518.5
11355.0,956,518.5
11405.0,956,518.5
11455.0,956,518.5
11505.0,956,518.5
11555.0,956,518.5
11606.0,956,518.5
11656.0,956,518.5
11706.0,957,518.5
11756.0,957,518.5
11806.0,958,518.5
11856.0,958,518.5
11906.0,958,518.5
11956.0,957,518.5
12006.0,957,518.5
12056.0,957,518.5
12106.0,957,518.5
12156.0,957,518.5
12206.0,957,518.5
12256.0,957,518.5
12306.0,957,518.5
12356.0,957,518.5
12406.0,957,518.5
12456.0,957,518.5
12506.0,957,518.5
12556.0,957,518.5
12606.0,957,518.5
12656.0,957,518.5
12706.0,957,518.5
12756.0,957,518.5
12806.0,957,518.5
12856.0,957,518.5
12906.0,957,518.5
12956.0,957,518.5
13006.0,958,518.5
13056.0,957,518.5
13106.0,957,518.5
13156.0,957,518.5
13206.0,957,518.5
13256.0,957,518.5
13306.0,957,518.5
13356.0,957,518.5
13406.0,957,518.5
13456.0,957,518.5
13506.0,957,518.5
13556.0,958,518.5
13606.0,957,518.5
13656.0,957,518.5
13706.0,957,518.5
13756.0,957,518.5
13806.0,957,518.5
13856.0,957,518.5
13906.0,957,518.5
13956.0,957,518.5
14006.0,957,518.5
14056.0,957,518.5
14106.0,957,518.5
14156.0,957,518.5
14206.0,957,518.5
14256.0,958,518.5
14306.0,957,518.5
14356.0,957,518.5
14406.0,958,518.5
14456.0,957,518.5
14507.0,957,518.5
14557.0,957,518.5
14607.0,957,518.5
14657.0,958,518.5
14707.0,957,518.5
14757.0,957,518.5
14807.0,958,518.5
14857.0,957,518.5
14907.0,957,518.5
14957.0,957,518.5
15007.0,957,518.5
15057.0,957,518.5
15107.0,957,518.5
15157.0,957,518.5
15207.0,957,518.5
15257.0,957,518.5
15307.0,957,518.5
15357.0,957,518.5
15407.0,957,518.5
15457.0,957,518.5
15507.0,957,518.5
15557.0,957,518.5
15607.0,957,518.5
15657.0,958,518.5
15707.0,957,518.5
15757.0,957,518.5
15807.0,957,518.5
15857.0,957,518.5
15907.0,957,518.5
15958.0,957,518.5
16008.0,957,518.5
16058.0,957,518.5
16108.0,957,518.5
16158.0,957,518.5
16208.0,957,518.5
16258.0,957,518.5
16308.0,957,518.5
16358.0,957,518.5
16408.0,957,518.5
16458.0,957,518.5
16508.0,957,518.5
16558.0,957,518.5
16608.0,957,518.5
16658.0,957,518.5
16708.0,957,518.5
16758.0,957,518.5
16808.0,957,518.5
16858.0,957,518.5
16908.0,957,518.5
16958.0,957,518.5
17008.0,958,518.5
17058.0,957,518.5
17108.0,958,518.5
17158.0,958,518.5
17208.0,958,518.5
17258.0,957,518.5
17308.0,958,518.5
17358.0,957,518.5
17408.0,958,518.5
17458.0,957,518.5
17508.0,957,518.5
17558.0,958,518.5
17608.0,957,518.5
17658.0,957,518.5
17708.0,958,518.5
17758.0,957,518.5
17808.0,957,518.5
17858.0,957,518.5
17908.0,958,518.5
17958.0,958,518.5
18008.0,958,518.5
18058.0,958,518.5
18108.0,958,518.5
18158.0,958,518.5
18208.0,958,518.5
18258.0,958,518.5
18308.0,958,518.5
18358.0,957,518.5
18408.0,958,518.5
18458.0,958,518.5
18508.0,958,518.5
18558.0,958,518.5
18608.0,957,518.5
18658.0,957,518.5
18708.0,956,518.5
50.0,955,518.5
100.0,955,518.5
150.0,954,518.5
200.0,954,518.5
250.0,955,518.5
300.0,954,518.5
350.0,955,518.5
400.0,954,518.5
450.0,954,518.5
500.0,955,518.5
550.0,955,518.5
600.0,955,518.5
650.0,955,518.5
700.0,955,518.5
750.0,955,518.5
800.0,955,518.5
850.0,955,518.5
900.0,956,518.5
950.0,956,518.5
1000.0,956,518.5
1050.0,956,518.5
1100.0,956,518.5
1150.0,957,518.5
1200.0,956,518.5
1250.0,956,518.5
1300.0,957,518.5
1350.0,956,518.5
1400.0,956,518.5
1451.0,957,518.5
1501.0,956,518.5
1551.0,956,518.5
1601.0,956,518.5
1651.0,956,518.5
1701.0,956,518.5
1751.0,956,518.5
1801.0,956,518.5
1851.0,956,518.5
1901.0,956,518.5
1951.0,956,518.5
2001.0,957,518.5
2051.0,956,518.5
2101.0,956,518.5
2151.0,956,518.5
2201.0,956,518.5
2251.0,957,518.5
2301.0,957,518.5
2351.0,957,518.5
2401.0,957,518.5
2451.0,957,518.5
2501.0,957,518.5
2551.0,958,518.5
2601.0,957,518.5
2651.0,957,518.5
2701.0,957,518.5
2751.0,957,518.5
2801.0,957,518.5
2851.0,958,518.5
2902.0,957,518.5
2952.0,957,518.5
3002.0,957,518.5
3052.0,957,518.5
3102.0,956,518.5
3152.0,957,518.5
3202.0,956,518.5
3252.0,957,518.5
3302.0,957,518.5
3352.0,957,518.5
3402.0,957,518.5
3452.0,957,518.5
3502.0,957,518.5
3552.0,957,518.5
3602.0,956,518.5
3652.0,957,518.5
3702.0,957,518.5
3752.0,956,518.5
3802.0,957,518.5
3852.0,957,518.5
3902.0,957,518.5
3952.0,957,518.5
4002.0,957,518.5
4052.0,957,518.5
4102.0,957,518.5
4152.0,957,518.5
4202.0,957,518.5
4252.0,957,518.5
4302.0,957,518.5
4352.0,957,518.5
4402.0,957,518.5
4452.0,957,518.5
4502.0,957,518.5
4552.0,957,518.5
4602.0,957,518.5
4652.0,957,518.5
4702.0,957,518.5
4752.0,957,518.5
4802.0,957,518.5
4852.0,957,518.5
4902.0,957,518.5
4952.0,957,518.5
5002.0,957,518.5
5052.0,956,518.5
5102.0,956,518.5
5152.0,957,518.5
5202.0,956,518.5
5252.0,957,518.5
5302.0,957,518.5
5352.0,957,518.5
5402.0,957,518.5
5452.0,957,518.5
5502.0,956,518.5
5552.0,957,518.5
5602.0,957,518.5
5652.0,957,518.5
5702.0,957,518.5
5752.0,957,518.5
5803.0,957,518.5
5853.0,957,518.5
5903.0,957,518.5
5953.0,957,518.5
6003.0,957,518.5
6053.0,957,518.5
6103.0,957,518.5
6153.0,957,518.5
6203.0,957,518.5
6253.0,957,518.5
6303.0,956,518.5
6353.0,956,518.5
6403.0,957,518.5
6453.0,956,518.5
6503.0,956,518.5
6553.0,957,518.5
6603.0,956,518.5
6653.0,956,518.5
6703.0,956,518.5
6753.0,956,518.5
6803.0,957,518.5
6853.0,956,518.5
6903.0,956,518.5
6953.0,957,518.5
7003.0,956,518.5
7053.0,956,518.5
7103.0,957,518.5
7153.0,956,518.5
7203.0,957,518.5
7254.0,956,518.5
7304.0,956,518.5
7354.0,956,518.5
7404.0,956,518.5
7454.0,956,518.5
7504.0,957,518.5
7554.0,957,518.5
7604.0,957,518.5
7654.0,958,518.5
7704.0,957,518.5
7754.0,957,518.5
7804.0,957,518.5
7854.0,957,518.5
7904.0,957,518.5
7954.0,957,518.5
8004.0,957,518.5
8054.0,957,518.5
8104.0,957,518.5
8154.0,957,518.5
8204.0,958,518.5
8254.0,957,518.5
8304.0,957,518.5
8354.0,956,518.5
8404.0,956,518.5
8454.0,955,518.5
8504.0,956,518.5
8554.0,956,518.5
8604.0,956,518.5
8654.0,956,518.5
8704.0,956,518.5
8754.0,957,518.5
8804.0,957,518.5
8854.0,957,518.5
8904.0,957,518.5
8954.0,957,518.5
9004.0,957,518.5
9054.0,956,518.5
9104.0,956,518.5
9154.0,956,518.5
9204.0,956,518.5
9254.0,955,518.5
9304.0,956,518.5
9354.0,955,518.5
9404.0,956,518.5
9454.0,956,518.5
9504.0,956,518.5
9554.0,956,518.5
9604.0,956,518.5
9654.0,956,518.5
9704.0,957,518.5
9754.0,957,518.5
9804.0,956,518.5
9854.0,957,518.5
9904.0,955,518.5
9954.0,954,518.5
10004.0,954,518.5
10054.0,953,518.5
10104.0,953,518.5
10155.0,953,518.5
10205.0,953,518.5
10255.0,953,518.5
10305.0,953,518.5
10355.0,953,518.5
10405.0,953,518.5
10455.0,953,518.5
10505.0,953,518.5
10555.0,953,518.5
10605.0,953,518.5
10655.0,953,518.5
10705.0,954,518.5
10755.0,953,518.5
10805.0,953,518.5
10855.0,954,518.5
10905.0,953,518.5
10955.0,954,518.5
11005.0,954,518.5
11055.0,954,518.5
11105.0,954,518.5
11155.0,953,518.5
11205.0,953,518.5
11255.0,954,518.5
11305.0,954,518.5
11355.0,953,518.5
11405.0,953,518.5
11455.0,953,518.5
11505.0,954,518.5
11555.0,953,518.5
11606.0,953,518.5
11656.0,954,518.5
11706.0,954,518.5
11756.0,953,518.5
11806.0,954,518.5
11856.0,953,518.5
11906.0,953,518.5
11956.0,953,518.5
12006.0,953,518.5
12056.0,953,518.5
12106.0,953,518.5
12156.0,953,518.5
12206.0,954,518.5
12256.0,953,518.5
12306.0,953,518.5
12356.0,954,518.5
12406.0,953,518.5
12456.0,953,518.5
12506.0,953,518.5
12556.0,953,518.5
12606.0,953,518.5
12656.0,954,518.5
12706.0,953,518.5
12756.0,954,518.5
12806.0,953,518.5
12856.0,953,518.5
12906.0,954,518.5
12956.0,953,518.5
13006.0,953,518.5
13056.0,953,518.5
13106.0,954,518.5
13156.0,953,518.5
13206.0,953,518.5
13256.0,953,518.5
13306.0,954,518.5
13356.0,953,518.5
13406.0,953,518.5
13456.0,954,518.5
13506.0,954,518.5
13556.0,953,518.5
13606.0,954,518.5
13656.0,953,518.5
13706.0,953,518.5
13756.0,954,518.5
13806.0,953,518.5
13856.0,954,518.5
13906.0,953,518.5
13956.0,953,518.5
14006.0,954,518.5
14056.0,954,518.5
14106.0,954,518.5
14156.0,954,518.5
14206.0,953,518.5
14256.0,953,518.5
14306.0,953,518.5
14356.0,953,518.5
14406.0,954,518.5
14456.0,953,518.5
14507.0,953,518.5
14557.0,954,518.5
14607.0,953,518.5
14657.0,954,518.5
14707.0,954,518.5
14757.0,953,518.5
14807.0,953,518.5
14857.0,953,518.5
14907.0,953,518.5
14957.0,954,518.5
15007.0,953,518.5
15057.0,954,518.5
15107.0,954,518.5
15157.0,954,518.5
15207.0,953,518.5
15257.0,954,518.5
15307.0,954,518.5
15357.0,954,518.5
15407.0,953,518.5
15457.0,953,518.5
15507.0,954,518.5
15557.0,954,518.5
15607.0,953,518.5
15657.0,954,518.5
15707.0,954,518.5
15757.0,954,518.5
15807.0,954,518.5
15857.0,953,518.5
15907.0,954,518.5
15958.0,954,518.5
16008.0,953,518.5
16058.0,955,518.5
16108.0,953,518.5
16158.0,953,518.5
16208.0,953,518.5
16258.0,953,518.5
16308.0,953,518.5
16358.0,953,518.5
16408.0,953,518.5
16458.0,953,518.5
16508.0,953,518.5
16558.0,953,518.5
16608.0,954,518.5
16658.0,952,518.5
16708.0,953,518.5
16758.0,953,518.5
16808.0,953,518.5
16858.0,953,518.5
16908.0,953,518.5
16958.0,953,518.5
17008.0,953,518.5
17058.0,953,518.5
17108.0,953,518.5
17158.0,953,518.5
17208.0,953,518.5
17258.0,953,518.5
17308.0,953,518.5
17358.0,953,518.5
17408.0,952,518.5
17458.0,953,518.5
17508.0,953,518.5
17558.0,953,518.5
17608.0,953,518.5
17658.0,953,518.5
17708.0,952,518.5
17758.0,953,518.5
17808.0,952,518.5
17858.0,952,518.5
17908.0,952,518.5
17958.0,952,518.5
18008.0,952,518.5
18058.0,952,518.5
18108.0,953,518.5
18158.0,952,518.5
18208.0,952,518.5
18258.0,952,518.5
18308.0,952,518.5
18358.0,953,518.5
18408.0,952,518.5
18458.0,952,518.5
18508.0,953,518.5
18558.0,953,518.5
18608.0,953,518.5
18658.0,953,518.5
18708.0,953,518.5
18758.0,953,518.5
18808.0,953,518.5
18859.0,953,518.5
18909.0,953,518.5
18959.0,953,518.5
19009.0,953,518.5
19059.0,953,518.5
19109.0,953,518.5
19159.0,953,518.5
19209.0,953,518.5
19259.0,953,518.5
19309.0,953,518.5
19359.0,953,518.5
19409.0,953,518.5
19459.0,952,518.5
19509.0,953,518.5
19559.0,952,518.5
19609.0,952,518.5
19659.0,953,518.5
19709.0,953,518.5
19759.0,953,518.5
19809.0,953,518.5
19859.0,953,518.5
19909.0,953,518.5
19959.0,953,518.5
20009.0,952,518.5
20059.0,953,518.5
20109.0,952,518.5
20159.0,953,518.5
20209.0,952,518.5
20259.0,952,518.5
20310.0,953,518.5
20360.0,953,518.5
20410.0,953,518.5
20460.0,953,518.5
20510.0,952,518.5
20560.0,953,518.5
20610.0,953,518.5
20660.0,953,518.5
20710.0,953,518.5
20760.0,954,518.5
20810.0,954,518.5
20860.0,954,518.5
20910.0,954,518.5
20960.0,954,518.5
21010.0,954,518.5
21060.0,954,518.5
21110.0,954,518.5
21160.0,954,518.5
21210.0,954,518.5
21260.0,953,518.5
21310.0,954,518.5
21360.0,954,518.5
21410.0,953,518.5
21460.0,954,518.5
21510.0,954,518.5
21560.0,954,518.5
21610.0,954,518.5
21660.0,954,518.5
21710.0,954,518.5
21760.0,954,518.5
21810.0,954,518.5
21860.0,954,518.5
21910.0,954,518.5
21960.0,954,518.5
22010.0,954,518.5
22060.0,954,518.5
22110.0,954,518.5
22160.0,953,518.5
22210.0,954,518.5
22260.0,954,518.5
22310.0,954,518.5
22360.0,953,518.5
22410.0,954,518.5
22460.0,953,518.5
22510.0,953,518.5
22560.0,953,518.5
22610.0,953,518.5
22660.0,953,518.5
22710.0,953,518.5
22760.0,953,518.5
22810.0,954,518.5
22860.0,953,518.5
22910.0,953,518.5
22960.0,953,518.5
23010.0,953,518.5
23060.0,953,518.5
23110.0,953,518.5
23160.0,953,518.5
23211.0,953,518.5
23261.0,952,518.5
23311.0,952,518.5
23361.0,953,518.5
23411.0,952,518.5
23461.0,952,518.5
23511.0,952,518.5
23561.0,952,518.5
23611.0,953,518.5
23661.0,952,518.5
23711.0,949,518.5
23761.0,953,518.5
23811.0,953,518.5
23861.0,954,518.5
23911.0,955,518.5
23961.0,955,518.5
24011.0,955,518.5
24061.0,956,518.5
24111.0,956,518.5
24161.0,956,518.5
24211.0,956,518.5
24261.0,956,518.5
24311.0,955,518.5
24361.0,954,518.5
24411.0,954,518.5
24461.0,954,518.5
24511.0,950,518.5
24561.0,949,518.5
24611.0,949,518.5
24662.0,949,518.5
24712.0,949,518.5
24762.0,949,518.5
24812.0,949,518.5
24862.0,949,518.5
24912.0,949,518.5
24962.0,949,518.5
25012.0,949,518.5
25062.0,949,518.5
25112.0,949,518.5
25162.0,949,518.5
25212.0,949,518.5
25262.0,949,518.5
25312.0,949,518.5
25362.0,951,518.5
25412.0,952,518.5
25462.0,952,518.5
25512.0,952,518.5
25562.0,952,518.5
25612.0,952,518.5
25662.0,953,518.5
25712.0,953,518.5
25762.0,953,518.5
25812.0,953,518.5
25862.0,953,518.5
25912.0,953,518.5
25962.0,953,518.5
26012.0,953,518.5
26062.0,952,518.5
26112.0,952,518.5
26162.0,953,518.5
26212.0,953,518.5
26262.0,953,518.5
26312.0,953,518.5
26362.0,953,518.5
26412.0,953,518.5
26462.0,953,518.5
26512.0,953,518.5
26562.0,953,518.5
26612.0,953,518.5
26662.0,954,518.5
26712.0,954,518.5
26762.0,953,518.5
26812.0,954,518.5
26862.0,954,518.5
26912.0,954,518.5
26962.0,954,518.5
27012.0,954,518.5
27062.0,954,518.5
27112.0,953,518.5
27162.0,953,518.5
27212.0,954,518.5
27262.0,954,518.5
27312.0,953,518.5
27362.0,954,518.5
27412.0,953,518.5
27462.0,953,518.5
27512.0,954,518.5
27563.0,953,518.5
27613.0,953,518.5
27663.0,952,518.5
27713.0,952,518.5
27763.0,952,518.5
27813.0,952,518.5
27863.0,952,518.5
27913.0,952,518.5
27963.0,952,518.5
28013.0,952,518.5
28063.0,953,518.5
28113.0,953,518.5
28163.0,953,518.5
28213.0,954,518.5
28263.0,953,518.5
28313.0,953,518.5
28363.0,953,518.5
28413.0,953,518.5
28463.0,954,518.5
28513.0,954,518.5
28563.0,954,518.5
28613.0,954,518.5
28663.0,953,518.5
28713.0,954,518.5
28763.0,954,518.5
28813.0,954,518.5
28863.0,954,518.5
28913.0,954,518.5
28963.0,955,518.5
29014.0,955,518.5
29064.0,954,518.5
29114.0,955,518.5
29164.0,955,518.5
29214.0,955,518.5
29264.0,955,518.5
29314.0,955,518.5
29364.0,955,518.5
29414.0,955,518.5
29464.0,955,518.5
29514.0,955,518.5
29564.0,955,518.5
29614.0,955,518.5
29664.0,955,518.5
29714.0,956,518.5
29764.0,956,518.5
29814.0,955,518.5
29864.0,956,518.5
29914.0,956,518.5
29964.0,956,518.5
30014.0,955,518.5
30064.0,955,518.5
30114.0,955,518.5
30164.0,955,518.5
30214.0,955,518.5
30264.0,955,518.5
30314.0,954,518.5
30364.0,953,518.5
30414.0,953,518.5
30464.0,953,518.5
30514.0,953,518.5
30564.0,953,518.5
30614.0,952,518.5
30664.0,953,518.5
30714.0,953,518.5
30764.0,954,518.5
30814.0,955,518.5
30864.0,955,518.5
30914.0,955,518.5
30964.0,955,518.5
31014.0,956,518.5
31064.0,957,518.5
31114.0,956,518.5
31164.0,956,518.5
31214.0,955,518.5
31264.0,953,518.5
31314.0,953,518.5
31364.0,953,518.5
31414.0,953,518.5
31464.0,953,518.5
31514.0,953,518.5
31564.0,953,518.5
31614.0,953,518.5
31664.0,953,518.5
31714.0,952,518.5
31764.0,953,518.5
31814.0,952,518.5
31864.0,953,518.5
31915.0,953,518.5
31965.0,953,518.5
32015.0,952,518.5
32065.0,953,518.5
32115.0,953,518.5
32165.0,953,518.5
32215.0,953,518.5
32265.0,953,518.5
32315.0,953,518.5
32365.0,953,518.5
32415.0,953,518.5
32465.0,953,518.5
32515.0,953,518.5
32565.0,953,518.5
32615.0,953,518.5
32665.0,953,518.5
32715.0,953,518.5
32765.0,953,518.5
32815.0,953,518.5
32865.0,953,518.5
32915.0,953,518.5
32965.0,952,518.5
33015.0,954,518.5
33065.0,953,518.5
33115.0,953,518.5
33165.0,953,518.5
33215.0,953,518.5
33265.0,953,518.5
33315.0,953,518.5
33366.0,953,518.5
33416.0,953,518.5
33466.0,953,518.5
33516.0,953,518.5
33566.0,953,518.5
33616.0,953,518.5
33666.0,953,518.5
33716.0,953,518.5
33766.0,953,518.5
33816.0,953,518.5
33866.0,953,518.5
33916.0,953,518.5
33966.0,953,518.5
34016.0,953,518.5
34066.0,953,518.5
34116.0,953,518.5
34166.0,953,518.5
34216.0,953,518.5
34266.0,953,518.5
34316.0,953,518.5
34366.0,953,518.5
34416.0,953,518.5
34466.0,953,518.5
34516.0,953,518.5
34566.0,953,518.5
34616.0,953,518.5
34666.0,953,518.5
34716.0,953,518.5
34766.0,953,518.5
34816.0,953,518.5
34866.0,953,518.5
34916.0,953,518.5
34966.0,953,518.5
35016.0,953,518.5
35066.0,953,518.5
35116.0,953,518.5
35166.0,953,518.5
35216.0,953,518.5
35266.0,953,518.5
35316.0,953,518.5
35366.0,953,518.5
35416.0,953,518.5
35466.0,953,518.5
35516.0,953,518.5
35566.0,953,518.5
35616.0,953,518.5
35666.0,950,518.5
35716.0,952,518.5
35766.0,953,518.5
35816.0,953,518.5
35866.0,953,518.5
35916.0,954,518.5
35966.0,953,518.5
36016.0,952,518.5
36066.0,954,518.5
36116.0,955,518.5
36166.0,956,518.5
36216.0,955,518.5
36267.0,955,518.5
36317.0,955,518.5
36367.0,955,518.5
36417.0,955,518.5
36467.0,955,518.5
36517.0,954,518.5
36567.0,954,518.5
36617.0,954,518.5
36667.0,954,518.5
36717.0,955,518.5
36767.0,954,518.5
36817.0,954,518.5
36867.0,954,518.5
36917.0,954,518.5
36967.0,954,518.5
37017.0,955,518.5
37067.0,954,518.5
37117.0,954,518.5
37167.0,954,518.5
37217.0,954,518.5
37267.0,954,518.5
37317.0,954,518.5
37367.0,954,518.5
37417.0,954,518.5
37467.0,954,518.5
37517.0,954,518.5
37567.0,955,518.5
37617.0,954,518.5
37667.0,955,518.5
37718.0,955,518.5
37768.0,955,518.5
37818.0,955,518.5
37868.0,955,518.5
37918.0,955,518.5
37968.0,955,518.5
38018.0,955,518.5
38068.0,955,518.5
38118.0,955,518.5
38168.0,955,518.5
38218.0,954,518.5
38268.0,955,518.5
38318.0,954,518.5
38368.0,955,518.5
38418.0,955,518.5
38468.0,955,518.5
38518.0,955,518.5
38568.0,955,518.5
38618.0,955,518.5
38668.0,955,518.5
38718.0,955,518.5
38768.0,955,518.5
38818.0,956,518.5
38868.0,955,518.5
38918.0,955,518.5
38968.0,955,518.5
39018.0,955,518.5
39068.0,955,518.5
39118.0,955,518.5
39168.0,955,518.5
39218.0,955,518.5
39268.0,955,518.5
39318.0,955,518.5
39368.0,956,518.5
39418.0,955,518.5
39468.0,955,518.5
39518.0,955,518.5
39568.0,955,518.5
39618.0,955,518.5
39668.0,955,518.5
39718.0,955,518.5
39768.0,955,518.5
39818.0,955,518.5
39868.0,955,518.5
39918.0,956,518.5
39968.0,955,518.5
40018.0,955,518.5
40068.0,955,518.5
40118.0,956,518.5
40168.0,957,518.5
40218.0,957,518.5
40268.0,958,518.5
40318.0,958,518.5
40368.0,958,518.5
40418.0,958,518.5
40468.0,959,518.5
40518.0,958,518.5
40568.0,958,518.5
40619.0,958,518.5
40669.0,958,518.5
40719.0,958,518.5
40769.0,958,518.5
40819.0,958,518.5
40869.0,959,518.5
40919.0,958,518.5
40969.0,958,518.5
41019.0,959,518.5
41069.0,959,518.5
41119.0,958,518.5
41169.0,959,518.5
41219.0,958,518.5
41269.0,959,518.5
41319.0,959,518.5
41369.0,958,518.5
41419.0,959,518.5
41469.0,959,518.5
41519.0,958,518.5
41569.0,960,518.5
41619.0,959,518.5
41669.0,959,518.5
41719.0,959,518.5
41769.0,958,518.5
41819.0,959,518.5
41869.0,959,518.5
41919.0,959,518.5
41969.0,959,518.5
42019.0,959,518.5
42070.0,958,518.5
42120.0,959,518.5
42170.0,958,518.5
42220.0,959,518.5
42270.0,959,518.5
42320.0,959,518.5
42370.0,958,518.5
42420.0,959,518.5
42470.0,959,518.5
42520.0,959,518.5
42570.0,959,518.5
42620.0,958,518.5
42670.0,959,518.5
42720.0,959,518.5
42770.0,959,518.5
42820.0,959,518.5
42870.0,959,518.5
42920.0,959,518.5
42970.0,959,518.5
43020.0,959,518.5
43070.0,959,518.5
43120.0,959,518.5
43170.0,959,518.5
43220.0,959,518.5
43270.0,958,518.5
43320.0,959,518.5
43370.0,959,518.5
43420.0,959,518.5
43470.0,959,518.5
43520.0,959,518.5
43570.0,959,518.5
43620.0,959,518.5
43670.0,959,518.5
43720.0,959,518.5
43770.0,959,518.5
43820.0,959,518.5
43870.0,959,518.5
43920.0,959,518.5
43970.0,959,518.5
44020.0,959,518.5
44070.0,959,518.5
44120.0,959,518.5
44170.0,959,518.5
44220.0,959,518.5
44270.0,959,518.5
44320.0,959,518.5
44370.0,959,518.5
44420.0,959,518.5
44470.0,959,518.5
44520.0,959,518.5
44570.0,959,518.5
44620.0,959,518.5
44670.0,959,518.5
44720.0,959,518.5
44770.0,959,518.5
44820.0,959,518.5
44870.0,958,518.5
44920.0,959,518.5
44971.0,959,518.5
45021.0,959,518.5
45071.0,958,518.5
45121.0,959,518.5
45171.0,959,518.5
45221.0,959,518.5
45271.0,959,518.5
45321.0,958,518.5
45371.0,958,518.5
45421.0,959,518.5
45471.0,958,518.5
45521.0,959,518.5
45571.0,959,518.5
45621.0,959,518.5
45671.0,958,518.5
45721.0,958,518.5
45771.0,958,518.5
45821.0,959,518.5
45871.0,959,518.5
45921.0,958,518.5
45971.0,958,518.5
46021.0,958,518.5
46071.0,959,518.5
46121.0,958,518.5
46171.0,959,518.5
46221.0,958,518.5
46271.0,958,518.5
46321.0,959,518.5
46371.0,959,518.5
46422.0,959,518.5
46472.0,959,518.5
46522.0,959,518.5
46572.0,959,518.5
46622.0,959,518.5
46672.0,960,518.5
46722.0,959,518.5
46772.0,960,518.5
46822.0,961,518.5
46872.0,961,518.5
46922.0,962,518.5
46972.0,963,518.5
47022.0,963,518.5
47072.0,963,518.5
47122.0,963,518.5
47172.0,963,518.5
47222.0,963,518.5
47272.0,963,518.5
47322.0,964,518.5
47372.0,964,518.5
47422.0,964,518.5
47472.0,964,518.5
47522.0,964,518.5
47572.0,964,518.5
47622.0,963,518.5
47672.0,963,518.5
47722.0,963,518.5
47772.0,963,518.5
47822.0,963,518.5
47872.0,963,518.5
47922.0,963,518.5
47972.0,963,518.5
48022.0,962,518.5
48072.0,962,518.5
48122.0,962,518.5
48172.0,962,518.5
48222.0,962,518.5
48272.0,961,518.5
48322.0,961,518.5
48372.0,961,518.5
48422.0,961,518.5
48472.0,961,518.5
48522.0,961,518.5
48572.0,960,518.5
48622.0,960,518.5
48672.0,959,518.5
48722.0,959,518.5
48772.0,959,518.5
48822.0,959,518.5
48872.0,959,518.5
48922.0,959,518.5
48972.0,959,518.5
49022.0,959,518.5
49072.0,959,518.5
49122.0,959,518.5
49172.0,959,518.5
49222.0,959,518.5
49272.0,959,518.5
49323.0,959,518.5
49373.0,959,518.5
49423.0,959,518.5
49473.0,959,518.5
49523.0,959,518.5
49573.0,959,518.5
49623.0,959,518.5
49673.0,959,518.5
49723.0,959,518.5
49773.0,959,518.5
49823.0,959,518.5
49873.0,959,518.5
49923.0,959,518.5
49973.0,959,518.5
50023.0,959,518.5
50073.0,959,518.5
50123.0,959,518.5
50173.0,959,518.5
50223.0,959,518.5
50273.0,959,518.5
50323.0,959,518.5
50373.0,959,518.5
50423.0,959,518.5
50473.0,959,518.5
50523.0,959,518.5
50573.0,959,518.5
50623.0,959,518.5
50673.0,959,518.5
50723.0,959,518.5
50774.0,959,518.5
50824.0,959,518.5
50874.0,959,518.5
50924.0,959,518.5
50974.0,959,518.5
51024.0,959,518.5
51074.0,959,518.5
51124.0,959,518.5
51174.0,959,518.5
51224.0,959,518.5
51274.0,959,518.5
51324.0,959,518.5
51374.0,960,518.5
51424.0,959,518.5
51474.0,959,518.5
51524.0,959,518.5
51574.0,959,518.5
51624.0,959,518.5
51674.0,959,518.5
51724.0,959,518.5
51774.0,959,518.5
51824.0,959,518.5
51874.0,959,518.5
51924.0,959,518.5
51974.0,959,518.5
52024.0,959,518.5
52074.0,959,518.5
52124.0,959,518.5
52174.0,959,518.5
52224.0,959,518.5
52274.0,959,518.5
52324.0,959,518.5
52374.0,959,518.5
52424.0,959,518.5
52474.0,959,518.5
52524.0,959,518.5
52574.0,959,518.5
52624.0,959,518.5
52674.0,959,518.5
52724.0,959,518.5
52774.0,959,518.5
52824.0,959,518.5
52874.0,959,518.5
52924.0,959,518.5
52974.0,959,518.5
53024.0,959,518.5
53074.0,959,518.5
53124.0,959,518.5
53174.0,959,518.5
53224.0,959,518.5
53274.0,959,518.5
53324.0,959,518.5
53374.0,959,518.5
53424.0,959,518.5
53474.0,959,518.5
53524.0,958,518.5
53574.0,959,518.5
53624.0,959,518.5
53675.0,959,518.5
53725.0,959,518.5
53775.0,959,518.5
53825.0,958,518.5
53875.0,959,518.5
53925.0,959,518.5
53975.0,959,518.5
54025.0,959,518.5
54075.0,959,518.5
54125.0,959,518.5
54175.0,958,518.5
54225.0,958,518.5
54275.0,959,518.5
54325.0,958,518.5
54375.0,958,518.5
54425.0,959,518.5
54475.0,959,518.5
54525.0,959,518.5
54575.0,958,518.5
54625.0,959,518.5
54675.0,959,518.5
54725.0,958,518.5
54775.0,959,518.5
54825.0,959,518.5
54875.0,958,518.5
54925.0,958,518.5
54975.0,958,518.5
55025.0,958,518.5
55075.0,958,518.5
55126.0,958,518.5
55176.0,958,518.5
55226.0,958,518.5
55276.0,958,518.5
55326.0,958,518.5
55376.0,959,518.5
55426.0,958,518.5
55476.0,958,518.5
55526.0,959,518.5
55576.0,958,518.5
55626.0,958,518.5
55676.0,958,518.5
55726.0,959,518.5
55776.0,959,518.5
55826.0,958,518.5
55876.0,958,518.5
55926.0,959,518.5
55976.0,958,518.5
56026.0,958,518.5
56076.0,959,518.5
56126.0,958,518.5
56176.0,958,518.5
56226.0,958,518.5
56276.0,958,518.5
56326.0,958,518.5
56376.0,959,518.5
56426.0,959,518.5
56476.0,959,518.5
56526.0,959,518.5
56576.0,959,518.5
56626.0,959,518.5
56676.0,959,518.5
56726.0,959,518.5
56776.0,959,518.5
56826.0,959,518.5
56876.0,959,518.5
56926.0,959,518.5
56976.0,958,518.5
57026.0,958,518.5
57076.0,958,518.5
57126.0,958,518.5
57176.0,959,518.5
57226.0,958,518.5
57276.0,958,518.5
57326.0,959,518.5
57376.0,959,518.5
57426.0,958,518.5
57476.0,958,518.5
57526.0,958,518.5
57576.0,958,518.5
57626.0,958,518.5
57676.0,958,518.5
57726.0,959,518.5
57776.0,958,518.5
57826.0,958,518.5
57876.0,958,518.5
57926.0,958,518.5
57976.0,957,518.5
58027.0,958,518.5
58077.0,958,518.5
58127.0,958,518.5
58177.0,957,518.5
58227.0,958,518.5
58277.0,957,518.5
58327.0,957,518.5
58377.0,957,518.5
58427.0,958,518.5
58477.0,957,518.5
58527.0,957,518.5
58577.0,957,518.5
58627.0,957,518.5
58677.0,957,518.5
58727.0,957,518.5
58777.0,957,518.5
58827.0,957,518.5
58877.0,957,518.5
58927.0,957,518.5
58977.0,957,518.5
59027.0,957,518.5
59077.0,957,518.5
59127.0,957,518.5
59177.0,957,518.5
59227.0,957,518.5
59277.0,957,518.5
59327.0,957,518.5
59377.0,957,518.5
59427.0,957,518.5
59478.0,957,518.5
59528.0,958,518.5
59578.0,957,518.5
59628.0,957,518.5
59678.0,958,518.5
59728.0,957,518.5
59778.0,957,518.5
59828.0,958,518.5
59878.0,958,518.5
59928.0,957,518.5
59978.0,958,518.5
60028.0,958,518.5
60078.0,958,518.5
60128.0,958,518.5
60178.0,958,518.5
60228.0,958,518.5
60278.0,958,518.5
60328.0,958,518.5
60378.0,958,518.5
60428.0,958,518.5
60478.0,958,518.5
60528.0,958,518.5
60578.0,958,518.5
60628.0,958,518.5
60678.0,958,518.5
60728.0,958,518.5
60778.0,958,518.5
60828.0,958,518.5
60878.0,958,518.5
60928.0,958,518.5
60978.0,958,518.5
61028.0,958,518.5
61078.0,958,518.5
61128.0,958,518.5
61178.0,959,518.5
61228.0,958,518.5
61278.0,958,518.5
61328.0,958,518.5
61378.0,958,518.5
61428.0,958,518.5
61478.0,958,518.5
61528.0,958,518.5
61578.0,958,518.5
61628.0,958,518.5
61678.0,958,518.5
61728.0,958,518.5
61778.0,958,518.5
61828.0,958,518.5
61878.0,958,518.5
61928.0,958,518.5
61978.0,958,518.5
62028.0,958,518.5
62078.0,958,518.5
62128.0,958,518.5
62178.0,958,518.5
62228.0,958,518.5
62278.0,958,518.5
62328.0,958,518.5
62379.0,958,518.5
62429.0,958,518.5
62479.0,958,518.5
62529.0,958,518.5
62579.0,958,518.5
62629.0,958,518.5
62679.0,958,518.5
62729.0,958,518.5
62779.0,958,518.5
62829.0,958,518.5
62879.0,958,518.5
62929.0,958,518.5
62979.0,958,518.5
63029.0,958,518.5
63079.0,958,518.5
63129.0,958,518.5
63179.0,958,518.5
63229.0,958,518.5
63279.0,958,518.5
63329.0,958,518.5
63379.0,958,518.5
63429.0,958,518.5
63479.0,958,518.5
63529.0,958,518.5
63579.0,958,518.5
63629.0,958,518.5
63679.0,958,518.5
63729.0,958,518.5
63779.0,959,518.5
63830.0,958,518.5
63880.0,958,518.5
63930.0,959,518.5
63980.0,958,518.5
64030.0,958,518.5
64080.0,959,518.5
64130.0,958,518.5
64180.0,958,518.5
64230.0,958,518.5
64280.0,958,518.5
64330.0,957,518.5
64380.0,958,518.5
64430.0,958,518.5
64480.0,958,518.5
64530.0,958,518.5
64580.0,958,518.5
64630.0,958,518.5
64680.0,958,518.5
64730.0,957,518.5
64780.0,958,518.5
64830.0,958,518.5
64880.0,958,518.5
64930.0,958,518.5
64980.0,958,518.5
65030.0,957,518.5
65080.0,958,518.5
65130.0,957,518.5
65180.0,958,518.5
65230.0,957,518.5
65280.0,957,518.5
65330.0,958,518.5
65380.0,958,518.5
65430.0,958,518.5
65480.0,958,518.5
65530.0,958,518.5
65580.0,958,518.5
65630.0,958,518.5
65680.0,958,518.5
65730.0,959,518.5
65780.0,958,518.5
65830.0,958,518.5
65880.0,959,518.5
65930.0,958,518.5
65980.0,959,518.5
66030.0,959,518.5
66080.0,958,518.5
66130.0,958,518.5
66180.0,959,518.5
66230.0,958,518.5
66280.0,959,518.5
66330.0,959,518.5
66380.0,958,518.5
66430.0,959,518.5
66480.0,958,518.5
66530.0,958,518.5
66580.0,958,518.5
66630.0,959,518.5
66680.0,958,518.5
66731.0,958,518.5
66781.0,958,518.5
66831.0,959,518.5
66881.0,958,518.5
66931.0,958,518.5
66981.0,959,518.5
67031.0,958,518.5
67081.0,958,518.5
67131.0,958,518.5
67181.0,958,518.5
67231.0,958,518.5
67281.0,958,518.5
67331.0,958,518.5
67381.0,959,518.5
67431.0,958,518.5
67481.0,958,518.5
67531.0,958,518.5
67581.0,958,518.5
67631.0,958,518.5
67681.0,958,518.5
67731.0,958,518.5
67781.0,958,518.5
67831.0,958,518.5
67881.0,958,518.5
67931.0,959,518.5
67981.0,958,518.5
68031.0,957,518.5
68081.0,958,518.5
68131.0,958,518.5
68182.0,957,518.5
68232.0,958,518.5
68282.0,958,518.5
68332.0,957,518.5
68382.0,958,518.5
68432.0,957,518.5
68482.0,958,518.5
68532.0,957,518.5
68582.0,957,518.5
68632.0,958,518.5
68682.0,958,518.5
68732.0,957,518.5
68782.0,958,518.5
68832.0,957,518.5
68882.0,957,518.5
68932.0,958,518.5
68982.0,957,518.5
69032.0,957,518.5
69082.0,957,518.5
69132.0,957,518.5
69182.0,958,518.5
69232.0,957,518.5
69282.0,957,518.5
69332.0,958,518.5
69382.0,957,518.5
69432.0,957,518.5
69482.0,957,518.5
69532.0,957,518.5
69582.0,958,518.5
69632.0,957,518.5
69682.0,957,518.5
69732.0,957,518.5
69782.0,957,518.5
69832.0,957,518.5
69882.0,957,518.5
69932.0,957,518.5
69982.0,957,518.5
70032.0,957,518.5
70082.0,957,518.5
70132.0,957,518.5
70182.0,957,518.5
70232.0,957,518.5
70282.0,957,518.5
70332.0,957,518.5
70382.0,957,518.5
70432.0,958,518.5
70482.0,957,518.5
70532.0,957,518.5
70582.0,957,518.5
70632.0,957,518.5
70682.0,957,518.5
70732.0,957,518.5
70782.0,957,518.5
70832.0,958,518.5
70882.0,957,518.5
70932.0,957,518.5
70982.0,958,518.5
71032.0,957,518.5
71083.0,957,518.5
71133.0,957,518.5
71183.0,957,518.5
71233.0,957,518.5
71283.0,957,518.5
71333.0,957,518.5
71383.0,957,518.5
71433.0,957,518.5
71483.0,957,518.5
71533.0,958,518.5
71583.0,957,518.5
71633.0,957,518.5
71683.0,957,518.5
71733.0,957,518.5
71783.0,957,518.5
71833.0,957,518.5
71883.0,957,518.5
71933.0,958,518.5
71983.0,958,518.5
72033.0,957,518.5
72083.0,958,518.5
72133.0,958,518.5
72183.0,958,518.5
72233.0,958,518.5
72283.0,958,518.5
72333.0,958,518.5
72383.0,958,518.5
72433.0,958,518.5
72483.0,959,518.5
72534.0,958,518.5
72584.0,958,518.5
72634.0,958,518.5
72684.0,958,518.5
72734.0,958,518.5
72784.0,958,518.5
72834.0,958,518.5
72884.0,957,518.5
72934.0,958,518.5
72984.0,958,518.5
73034.0,959,518.5
73084.0,958,518.5
73134.0,958,518.5
73184.0,958,518.5
73234.0,958,518.5
73284.0,958,518.5
73334.0,958,518.5
73384.0,958,518.5
73434.0,958,518.5
73484.0,958,518.5
73534.0,958,518.5
73584.0,958,518.5
73634.0,958,518.5
73684.0,958,518.5
73734.0,958,518.5
73784.0,958,518.5
73834.0,958,518.5
73884.0,958,518.5
73934.0,958,518.5
73984.0,958,518.5
74034.0,958,518.5
74084.0,958,518.5
74134.0,958,518.5
74184.0,958,518.5
74234.0,958,518.5
74284.0,958,518.5
74334.0,958,518.5
74384.0,958,518.5
74434.0,958,518.5
74484.0,958,518.5
74534.0,958,518.5
74584.0,958,518.5
74634.0,958,518.5
74684.0,958,518.5
74734.0,958,518.5
74784.0,958,518.5
74834.0,958,518.5
74884.0,958,518.5
74934.0,958,518.5
74984.0,958,518.5
75034.0,958,518.5
75084.0,958,518.5
75134.0,958,518.5
75184.0,958,518.5
75234.0,958,518.5
75284.0,958,518.5
75334.0,958,518.5
75384.0,958,518.5
75435.0,958,518.5
75485.0,958,518.5
75535.0,958,518.5
75585.0,958,518.5
75635.0,958,518.5
75685.0,958,518.5
75735.0,958,518.5
75785.0,958,518.5
75835.0,958,518.5
75885.0,958,518.5
75935.0,958,518.5
75985.0,958,518.5
76035.0,958,518.5
76085.0,958,518.5
76135.0,958,518.5
76185.0,958,518.5
76235.0,958,518.5
76285.0,958,518.5
76335.0,958,518.5
76385.0,958,518.5
76435.0,958,518.5
76485.0,958,518.5
76535.0,958,518.5
76585.0,958,518.5
76635.0,958,518.5
76685.0,958,518.5
76735.0,958,518.5
76785.0,958,518.5
76835.0,958,518.5
76886.0,959,518.5
76936.0,958,518.5
76986.0,959,518.5
77036.0,958,518.5
77086.0,958,518.5
77136.0,959,518.5
77186.0,958,518.5
77236.0,958,518.5
77286.0,958,518.5
77336.0,958,518.5
77386.0,958,518.5
77436.0,959,518.5
77486.0,958,518.5
77536.0,959,518.5
77586.0,958,518.5
77636.0,958,518.5
77686.0,959,518.5
77736.0,959,518.5
77786.0,958,518.5
77836.0,958,518.5
77886.0,958,518.5
77936.0,958,518.5
77986.0,959,518.5
78036.0,958,518.5
78086.0,958,518.5
78136.0,959,518.5
78186.0,958,518.5
78236.0,959,518.5
78286.0,959,518.5
78336.0,958,518.5
78386.0,958,518.5
78436.0,958,518.5
78486.0,959,518.5
78536.0,959,518.5
78586.0,958,518.5
78636.0,959,518.5
78686.0,959,518.5
78736.0,958,518.5
78786.0,959,518.5
78836.0,958,518.5
78886.0,958,518.5
78936.0,958,518.5
78986.0,958,518.5
79036.0,958,518.5
79086.0,959,518.5
79136.0,958,518.5
79186.0,958,518.5
79236.0,958,518.5
79286.0,958,518.5
79336.0,959,518.5
79386.0,958,518.5
79436.0,958,518.5
79486.0,958,518.5
79536.0,958,518.5
79586.0,958,518.5
79636.0,959,518.5
79686.0,958,518.5
79736.0,959,518.5
79787.0,958,518.5
79837.0,958,518.5
79887.0,958,518.5
79937.0,958,518.5
79987.0,958,518.5
80037.0,958,518.5
80087.0,958,518.5
80137.0,958,518.5
80187.0,959,518.5
80237.0,959,518.5
80287.0,958,518.5
80337.0,959,518.5
80387.0,958,518.5
80437.0,959,518.5
80487.0,959,518.5
80537.0,959,518.5
80587.0,959,518.5
80637.0,959,518.5
80687.0,959,518.5
80737.0,959,518.5
80787.0,959,518.5
80837.0,959,518.5
80887.0,959,518.5
80937.0,959,518.5
80987.0,959,518.5
81037.0,959,518.5
81087.0,958,518.5
81137.0,959,518.5
81187.0,958,518.5
81238.0,958,518.5
81288.0,959,518.5
81338.0,958,518.5
81388.0,958,518.5
81438.0,958,518.5
81488.0,958,518.5
81538.0,959,518.5
81588.0,957,518.5
81638.0,957,518.5
81688.0,957,518.5
81738.0,957,518.5
81788.0,957,518.5
81838.0,958,518.5
81888.0,957,518.5
81938.0,957,518.5
81988.0,957,518.5
82038.0,957,518.5
82088.0,957,518.5
82138.0,957,518.5
82188.0,957,518.5
82238.0,957,518.5
82288.0,957,518.5
82338.0,957,518.5
82388.0,958,518.5
82438.0,957,518.5
82488.0,957,518.5
82538.0,958,518.5
82588.0,957,518.5
82638.0,957,518.5
82688.0,957,518.5
82738.0,957,518.5
82788.0,957,518.5
82838.0,957,518.5
82888.0,957,518.5
82938.0,958,518.5
82988.0,957,518.5
83038.0,957,518.5
83088.0,958,518.5
83138.0,958,518.5
83188.0,957,518.5
83238.0,957,518.5
83288.0,958,518.5
83338.0,957,518.5
83388.0,957,518.5
83438.0,957,518.5
83488.0,957,518.5
83538.0,957,518.5
83588.0,957,518.5
83638.0,957,518.5
83688.0,957,518.5
83738.0,957,518.5
83788.0,957,518.5
83838.0,957,518.5
83888.0,957,518.5
83938.0,957,518.5
83988.0,957,518.5
84038.0,957,518.5
84088.0,957,518.5
84139.0,957,518.5
84189.0,957,518.5
84239.0,957,518.5
84289.0,957,518.5
84339.0,957,518.5
84389.0,957,518.5
84439.0,957,518.5
84489.0,957,518.5
84539.0,957,518.5
84589.0,958,518.5
84639.0,957,518.5
84689.0,957,518.5
84739.0,958,518.5
84789.0,957,518.5
84839.0,957,518.5
84889.0,957,518.5
84939.0,957,518.5
84989.0,957,518.5
85039.0,957,518.5
85089.0,957,518.5
85139.0,958,518.5
85189.0,957,518.5
85239.0,957,518.5
85289.0,957,518.5
85339.0,957,518.5
85389.0,958,518.5
85439.0,958,518.5
85489.0,958,518.5
85539.0,958,518.5
85590.0,958,518.5
85640.0,958,518.5
85690.0,958,518.5
85740.0,957,518.5
85790.0,957,518.5
85840.0,958,518.5
85890.0,957,518.5
85940.0,957,518.5
85990.0,958,518.5
86040.0,957,518.5
86090.0,957,518.5
86140.0,957,518.5
86190.0,957,518.5
86240.0,958,518.5
86290.0,958,518.5
86340.0,957,518.5
86390.0,958,518.5
86440.0,958,518.5
86490.0,957,518.5
86540.0,958,518.5
86590.0,957,518.5
86640.0,957,518.5
86690.0,957,518.5
86740.0,957,518.5
86790.0,958,518.5
86840.0,957,518.5
86890.0,957,518.5
86940.0,958,518.5
86990.0,957,518.5
87040.0,957,518.5
87090.0,958,518.5
87140.0,957,518.5
87190.0,957,518.5
87240.0,957,518.5
87290.0,957,518.5
87340.0,958,518.5
87390.0,957,518.5
87440.0,957,518.5
87490.0,958,518.5
87540.0,957,518.5
87590.0,957,518.5
87640.0,958,518.5
87690.0,957,518.5
87740.0,957,518.5
87790.0,958,518.5
87840.0,958,518.5
87890.0,958,518.5
87940.0,958,518.5
87990.0,957,518.5
88040.0,958,518.5
88090.0,958,518.5
88140.0,958,518.5
88190.0,958,518.5
88240.0,958,518.5
88290.0,957,518.5
88340.0,958,518.5
88390.0,958,518.5
88440.0,957,518.5
88491.0,958,518.5
88541.0,958,518.5
88591.0,958,518.5
88641.0,958,518.5
88691.0,958,518.5
88741.0,958,518.5
88791.0,958,518.5
88841.0,958,518.5
88891.0,958,518.5
88941.0,957,518.5
88991.0,957,518.5
89041.0,957,518.5
89091.0,957,518.5
89141.0,957,518.5
89191.0,957,518.5
89241.0,957,518.5
89291.0,957,518.5
89341.0,957,518.5
89391.0,957,518.5
89441.0,957,518.5
89491.0,957,518.5
89541.0,956,518.5
89591.0,957,518.5
89641.0,956,518.5
89691.0,957,518.5
89741.0,957,518.5
89791.0,957,518.5
89841.0,957,518.5
89891.0,957,518.5
89942.0,957,518.5
89992.0,956,518.5
90042.0,957,518.5
90092.0,957,518.5
90142.0,957,518.5
90192.0,957,518.5
90242.0,957,518.5
90292.0,957,518.5
90342.0,957,518.5
90392.0,958,518.5
90442.0,957,518.5
90492.0,957,518.5
90542.0,957,518.5
90592.0,957,518.5
90642.0,958,518.5
90692.0,957,518.5
90742.0,957,518.5
90792.0,957,518.5
90842.0,957,518.5
90892.0,957,518.5
90942.0,958,518.5
90992.0,958,518.5
91042.0,957,518.5
91092.0,958,518.5
91142.0,958,518.5
91192.0,958,518.5
91242.0,958,518.5
91292.0,957,518.5
91342.0,958,518.5
91392.0,958,518.5
91442.0,958,518.5
91492.0,958,518.5
91542.0,958,518.5
91592.0,958,518.5
91642.0,958,518.5
91692.0,957,518.5
91742.0,958,518.5
91792.0,958,518.5
91842.0,958,518.5
91892.0,958,518.5
91942.0,958,518.5
91992.0,957,518.5
92042.0,958,518.5
92092.0,958,518.5
92142.0,957,518.5
92192.0,958,518.5
92242.0,957,518.5
92292.0,958,518.5
92342.0,957,518.5
92392.0,957,518.5
92442.0,958,518.5
92492.0,958,518.5
92542.0,958,518.5
92592.0,958,518.5
92642.0,958,518.5
92692.0,958,518.5
92742.0,957,518.5
92792.0,958,518.5
92843.0,958,518.5
92893.0,957,518.5
92943.0,957,518.5
92993.0,958,518.5
93043.0,957,518.5
93093.0,958,518.5
93143.0,958,518.5
93193.0,957,518.5
93243.0,957,518.5
93293.0,958,518.5
93343.0,958,518.5
93393.0,959,518.5
93443.0,957,518.5
93493.0,957,518.5
93543.0,958,518.5
93593.0,957,518.5
93643.0,958,518.5
93693.0,958,518.5
93743.0,957,518.5
93793.0,957,518.5
93843.0,958,518.5
93893.0,957,518.5
93943.0,958,518.5
93993.0,958,518.5
94043.0,957,518.5
94093.0,958,518.5
94143.0,958,518.5
94193.0,957,518.5
94243.0,957,518.5
94294.0,958,518.5
94344.0,958,518.5
94394.0,958,518.5
94444.0,957,518.5
94494.0,958,518.5
94544.0,958,518.5
94594.0,958,518.5
94644.0,958,518.5
94694.0,958,518.5
94744.0,958,518.5
94794.0,957,518.5
94844.0,958,518.5
94894.0,958,518.5
94944.0,958,518.5
94994.0,958,518.5
95044.0,958,518.5
95094.0,958,518.5
95144.0,958,518.5
95194.0,958,518.5
95244.0,958,518.5
95294.0,958,518.5
95344.0,958,518.5
95394.0,958,518.5
95444.0,958,518.5
95494.0,958,518.5
95544.0,958,518.5
95594.0,959,518.5
95644.0,958,518.5
95694.0,958,518.5
95744.0,958,518.5
95794.0,958,518.5
95844.0,958,518.5
95894.0,958,518.5
95944.0,958,518.5
95994.0,958,518.5
96044.0,958,518.5
96094.0,958,518.5
96144.0,959,518.5
96194.0,958,518.5
96244.0,958,518.5
96294.0,958,518.5
96344.0,958,518.5
96394.0,958,518.5
96444.0,958,518.5
96494.0,958,518.5
96544.0,958,518.5
96594.0,958,518.5
96644.0,958,518.5
96694.0,959,518.5
96744.0,958,518.5
96794.0,958,518.5
96844.0,958,518.5
96894.0,959,518.5
96944.0,959,518.5
96994.0,959,518.5
97044.0,958,518.5
97094.0,959,518.5
97144.0,959,518.5
97195.0,958,518.5
97245.0,959,518.5
97295.0,958,518.5
97345.0,958,518.5
97395.0,958,518.5
97445.0,958,518.5
97495.0,958,518.5
97545.0,958,518.5
97595.0,958,518.5
97645.0,959,518.5
97695.0,958,518.5
97745.0,958,518.5
97795.0,959,518.5
97845.0,959,518.5
97895.0,958,518.5
97945.0,959,518.5
97995.0,958,518.5
98045.0,958,518.5
98095.0,959,518.5
98145.0,958,518.5
98195.0,959,518.5
98245.0,959,518.5
98295.0,958,518.5
98345.0,959,518.5
98395.0,958,518.5
98445.0,958,518.5
98495.0,958,518.5
98545.0,957,518.5
98595.0,958,518.5
98646.0,958,518.5
98696.0,958,518.5
98746.0,959,518.5
98796.0,958,518.5
98846.0,958,518.5
98896.0,958,518.5
98946.0,958,518.5
98996.0,958,518.5
99046.0,958,518.5
99096.0,958,518.5
99146.0,958,518.5
99196.0,958,518.5
99246.0,958,518.5
99296.0,958,518.5
99346.0,958,518.5
99396.0,958,518.5
99446.0,958,518.5
99496.0,959,518.5
99546.0,958,518.5
99596.0,959,518.5
99646.0,959,518.5
99696.0,959,518.5
99746.0,958,518.5
99796.0,958,518.5
99846.0,959,518.5
99896.0,958,518.5
99946.0,958,518.5
99996.0,958,518.5
100046.0,958,518.5
100096.0,958,518.5
100146.0,959,518.5
100196.0,959,518.5
100246.0,958,518.5
100296.0,958,518.5
100346.0,958,518.5
100396.0,959,518.5
100446.0,959,518.5
100496.0,958,518.5
100546.0,959,518.5
100596.0,958,518.5
100646.0,958,518.5
100696.0,959,518.5
100746.0,958,518.5
100796.0,959,518.5
100846.0,959,518.5
100896.0,959,518.5
100946.0,959,518.5
100996.0,959,518.5
101046.0,959,518.5
101096.0,960,518.5
101146.0,959,518.5
101196.0,960,518.5
101246.0,959,518.5
101296.0,959,518.5
101346.0,959,518.5
101396.0,959,518.5
101446.0,959,518.5
101496.0,960,518.5
101547.0,959,518.5
101597.0,959,518.5
101647.0,960,518.5
101697.0,959,518.5
101747.0,959,518.5
101797.0,960,518.5
101847.0,959,518.5
101897.0,959,518.5
101947.0,959,518.5
101997.0,959,518.5
102047.0,960,518.5
102097.0,959,518.5
102147.0,959,518.5
102197.0,960,518.5
102247.0,959,518.5
102297.0,959,518.5
102347.0,959,518.5
102397.0,959,518.5
102447.0,959,518.5
102497.0,959,518.5
102547.0,959,518.5
102597.0,959,518.5
102647.0,959,518.5
102697.0,959,518.5
102747.0,960,518.5
102797.0,959,518.5
102847.0,959,518.5
102897.0,959,518.5
102947.0,959,518.5
102998.0,959,518.5
103048.0,959,518.5
103098.0,959,518.5
103148.0,959,518.5
103198.0,959,518.5
103248.0,959,518.5
103298.0,959,518.5
103348.0,959,518.5
103398.0,959,518.5
103448.0,959,518.5
103498.0,959,518.5
103548.0,959,518.5
103598.0,959,518.5
103648.0,959,518.5
103698.0,959,518.5
103748.0,959,518.5
103798.0,959,518.5
103848.0,959,518.5
103898.0,959,518.5
103948.0,959,518.5
103998.0,959,518.5
104048.0,959,518.5
104098.0,959,518.5
104148.0,959,518.5
104198.0,959,518.5
104248.0,959,518.5
104298.0,959,518.5
104348.0,959,518.5
104398.0,959,518.5
104448.0,959,518.5
104498.0,959,518.5
104548.0,959,518.5
104598.0,959,518.5
104648.0,959,518.5
104698.0,959,518.5
104748.0,959,518.5
104798.0,959,518.5
104848.0,959,518.5
104898.0,959,518.5
104948.0,959,518.5
104998.0,959,518.5
105048.0,959,518.5
105098.0,959,518.5
105148.0,959,518.5
105198.0,959,518.5
105248.0,959,518.5
105298.0,959,518.5
105348.0,959,518.5
105398.0,959,518.5
105448.0,959,518.5
105498.0,959,518.5
105548.0,959,518.5
105598.0,959,518.5
105648.0,959,518.5
105698.0,959,518.5
105748.0,959,518.5
105798.0,959,518.5
105848.0,959,518.5
105899.0,959,518.5
105949.0,959,518.5
105999.0,959,518.5
106049.0,959,518.5
106099.0,959,518.5
106149.0,959,518.5
106199.0,959,518.5
106249.0,959,518.5
106299.0,959,518.5
106349.0,959,518.5
106399.0,959,518.5
106449.0,959,518.5
106499.0,959,518.5
106549.0,959,518.5
106599.0,959,518.5
106649.0,959,518.5
106699.0,959,518.5
106749.0,959,518.5
106799.0,959,518.5
106849.0,959,518.5
106899.0,959,518.5
106949.0,959,518.5
106999.0,959,518.5
107049.0,959,518.5
107099.0,959,518.5
107149.0,960,518.5
107199.0,959,518.5
107249.0,959,518.5
107299.0,959,518.5
107350.0,959,518.5
107400.0,959,518.5
107450.0,959,518.5
107500.0,959,518.5
107550.0,959,518.5
107600.0,959,518.5
107650.0,959,518.5
107700.0,959,518.5
107750.0,959,518.5
107800.0,959,518.5
107850.0,959,518.5
107900.0,959,518.5
107950.0,959,518.5
108000.0,959,518.5
108050.0,959,518.5
108100.0,959,518.5
108150.0,959,518.5
108200.0,959,518.5
108250.0,959,518.5
108300.0,959,518.5
108350.0,959,518.5
108400.0,959,518.5
108450.0,959,518.5
108500.0,959,518.5
108550.0,959,518.5
108600.0,959,518.5
108650.0,959,518.5
108700.0,959,518.5
108750.0,959,518.5
108800.0,960,518.5
108850.0,959,518.5
108900.0,959,518.5
108950.0,959,518.5
109000.0,959,518.5
109050.0,959,518.5
109100.0,959,518.5
109150.0,959,518.5
109200.0,959,518.5
109250.0,959,518.5
109300.0,959,518.5
109350.0,959,518.5
109400.0,959,518.5
109450.0,959,518.5
109500.0,959,518.5
109550.0,959,518.5
109600.0,959,518.5
109650.0,959,518.5
109700.0,959,518.5
109750.0,959,518.5
109800.0,958,518.5
109850.0,959,518.5
109900.0,959,518.5
109950.0,958,518.5
110000.0,959,518.5
110050.0,959,518.5
110100.0,959,518.5
110150.0,959,518.5
110200.0,959,518.5
110251.0,959,518.5
110301.0,959,518.5
110351.0,958,518.5
110401.0,959,518.5
110451.0,960,518.5
110501.0,959,518.5
110551.0,959,518.5
110601.0,959,518.5
110651.0,959,518.5
110701.0,959,518.5
110751.0,959,518.5
110801.0,959,518.5
110851.0,959,518.5
110901.0,959,518.5
110951.0,959,518.5
111001.0,960,518.5
111051.0,959,518.5
111101.0,959,518.5
111151.0,959,518.5
111201.0,959,518.5
111251.0,959,518.5
111301.0,959,518.5
111351.0,959,518.5
111401.0,959,518.5
111451.0,959,518.5
111501.0,959,518.5
111551.0,959,518.5
111601.0,959,518.5
111651.0,959,518.5
111702.0,959,518.5
111752.0,959,518.5
111802.0,959,518.5
111852.0,959,518.5
111902.0,959,518.5
111952.0,959,518.5
112002.0,959,518.5
112052.0,959,518.5
112102.0,960,518.5
112152.0,959,518.5
112202.0,960,518.5
112252.0,960,518.5
112302.0,960,518.5
112352.0,959,518.5
112402.0,960,518.5
112452.0,959,518.5
112502.0,960,518.5
112552.0,960,518.5
112602.0,960,518.5
112652.0,960,518.5
112702.0,960,518.5
112752.0,960,518.5
112802.0,960,518.5
112852.0,959,518.5
112902.0,959,518.5
112952.0,959,518.5
113002.0,959,518.5
113052.0,960,518.5
113102.0,959,518.5
113152.0,959,518.5
113202.0,960,518.5
113252.0,959,518.5
113302.0,959,518.5
113352.0,959,518.5
113402.0,959,518.5
113452.0,959,518.5
113502.0,959,518.5
113552.0,959,518.5
113602.0,959,518.5
113652.0,959,518.5
113702.0,959,518.5
113752.0,959,518.5
113802.0,959,518.5
113852.0,959,518.5
113902.0,959,518.5
113952.0,959,518.5
114002.0,959,518.5
114052.0,959,518.5
114102.0,959,518.5
114152.0,959,518.5
114202.0,959,518.5
114252.0,959,518.5
114302.0,960,518.5
114352.0,959,518.5
114402.0,959,518.5
114452.0,959,518.5
114502.0,959,518.5
114552.0,959,518.5
114603.0,959,518.5
114653.0,959,518.5
114703.0,959,518.5
114753.0,959,518.5
114803.0,959,518.5
114853.0,960,518.5
114903.0,959,518.5
114953.0,960,518.5
115003.0,959,518.5
115053.0,959,518.5
115103.0,959,518.5
115153.0,959,518.5
115203.0,959,518.5
115253.0,959,518.5
115303.0,959,518.5
115353.0,959,518.5
115403.0,959,518.5
115453.0,959,518.5
115503.0,960,518.5
115553.0,959,518.5
115603.0,959,518.5
115653.0,959,518.5
115703.0,959,518.5
115753.0,959,518.5
115803.0,959,518.5
115853.0,959,518.5
115903.0,959,518.5
115953.0,959,518.5
116003.0,959,518.5
116054.0,959,518.5
116104.0,959,518.5
116154.0,959,518.5
116204.0,959,518.5
116254.0,959,518.5
116304.0,959,518.5
116354.0,959,518.5
116404.0,959,518.5
116454.0,959,518.5
116504.0,959,518.5
116554.0,959,518.5
116604.0,959,518.5
116654.0,959,518.5
116704.0,959,518.5
116754.0,959,518.5
116804.0,959,518.5
116854.0,958,518.5
116904.0,959,518.5
116954.0,959,518.5
117004.0,958,518.5
117054.0,959,518.5
117104.0,959,518.5
117154.0,959,518.5
117204.0,959,518.5
117254.0,959,518.5
117304.0,959,518.5
117354.0,959,518.5
117404.0,959,518.5
117454.0,959,518.5
117504.0,959,518.5
117554.0,959,518.5
117604.0,959,518.5
117654.0,959,518.5
117704.0,959,518.5
117754.0,959,518.5
117804.0,959,518.5
117854.0,959,518.5
117904.0,959,518.5
117954.0,959,518.5
118004.0,959,518.5
118054.0,959,518.5
118104.0,959,518.5
118154.0,959,518.5
118204.0,959,518.5
118254.0,959,518.5
118304.0,959,518.5
118354.0,959,518.5
118404.0,959,518.5
118454.0,959,518.5
118504.0,959,518.5
118554.0,959,518.5
118604.0,959,518.5
118654.0,959,518.5
118704.0,959,518.5
118754.0,959,518.5
118804.0,959,518.5
118854.0,959,518.5
118904.0,959,518.5
118955.0,959,518.5
119005.0,959,518.5
119055.0,959,518.5
119105.0,959,518.5
119155.0,959,518.5
119205.0,959,518.5
119255.0,959,518.5
119305.0,959,518.5
119355.0,959,518.5
119405.0,959,518.5
119455.0,959,518.5
119505.0,959,518.5
119555.0,959,518.5
119605.0,959,518.5
119655.0,959,518.5
119705.0,959,518.5
119755.0,959,518.5
119805.0,959,518.5
119855.0,959,518.5
119905.0,959,518.5
119955.0,959,518.5
120005.0,959,518.5
120055.0,959,518.5
120105.0,959,518.5
120155.0,959,518.5
120205.0,959,518.5
120255.0,959,518.5
120305.0,959,518.5
120355.0,959,518.5
120406.0,958,518.5
120456.0,959,518.5
120506.0,959,518.5
120556.0,959,518.5
120606.0,959,518.5
120656.0,959,518.5
120706.0,959,518.5
120756.0,959,518.5
120806.0,959,518.5
120856.0,959,518.5
120906.0,959,518.5
120956.0,959,518.5
121006.0,959,518.5
121056.0,959,518.5
121106.0,959,518.5
121156.0,959,518.5
121206.0,959,518.5
121256.0,959,518.5
121306.0,959,518.5
121356.0,959,518.5
121406.0,959,518.5
121456.0,959,518.5
121506.0,959,518.5
121556.0,959,518.5
121606.0,959,518.5
121656.0,959,518.5
121706.0,959,518.5
121756.0,959,518.5
121806.0,959,518.5
121856.0,959,518.5
121906.0,959,518.5
121956.0,959,518.5
122006.0,959,518.5
122056.0,959,518.5
122106.0,959,518.5
122156.0,959,518.5
122206.0,959,518.5
122256.0,959,518.5
122306.0,959,518.5
122356.0,959,518.5
122406.0,959,518.5
122456.0,959,518.5
122506.0,959,518.5
122556.0,959,518.5
122606.0,959,518.5
122656.0,959,518.5
122706.0,959,518.5
122756.0,959,518.5
122806.0,959,518.5
122856.0,959,518.5
122906.0,959,518.5
122956.0,959,518.5
123006.0,959,518.5
123056.0,959,518.5
123106.0,959,518.5
123156.0,959,518.5
123206.0,960,518.5
123256.0,959,518.5
123307.0,959,518.5
123357.0,959,518.5
123407.0,959,518.5
123457.0,959,518.5
123507.0,959,518.5
123557.0,959,518.5
123607.0,959,518.5
123657.0,959,518.5
123707.0,959,518.5
123757.0,959,518.5
123807.0,959,518.5
123857.0,959,518.5
123907.0,959,518.5
123957.0,959,518.5
124007.0,959,518.5
124057.0,959,518.5
124107.0,959,518.5
124157.0,959,518.5
124207.0,959,518.5
124257.0,959,518.5
124307.0,959,518.5
124357.0,959,518.5
124407.0,959,518.5
124457.0,959,518.5
124507.0,959,518.5
124557.0,959,518.5
124607.0,959,518.5
124657.0,959,518.5
124707.0,959,518.5
124758.0,959,518.5
124808.0,959,518.5
124858.0,959,518.5
124908.0,959,518.5
124958.0,959,518.5
125008.0,959,518.5
125058.0,959,518.5
125108.0,959,518.5
125158.0,959,518.5
125208.0,959,518.5
125258.0,959,518.5
125308.0,959,518.5
125358.0,959,518.5
125408.0,959,518.5
125458.0,958,518.5
125508.0,959,518.5
125558.0,960,518.5
125608.0,960,518.5
125658.0,960,518.5
125708.0,960,518.5
125758.0,960,518.5
125808.0,960,518.5
125858.0,961,518.5
125908.0,960,518.5
125958.0,960,518.5
126008.0,960,518.5
126058.0,960,518.5
126108.0,961,518.5
126158.0,960,518.5
126208.0,960,518.5
126258.0,961,518.5
126308.0,960,518.5
126358.0,960,518.5
126408.0,961,518.5
126458.0,960,518.5
126508.0,960,518.5
126558.0,960,518.5
126608.0,960,518.5
126658.0,960,518.5
126708.0,960,518.5
126758.0,960,518.5
126808.0,960,518.5
126858.0,959,518.5
126908.0,960,518.5
126958.0,961,518.5
127008.0,960,518.5
127058.0,960,518.5
127108.0,960,518.5
127158.0,960,518.5
127208.0,960,518.5
127258.0,960,518.5
127308.0,960,518.5
127358.0,960,518.5
127408.0,960,518.5
127458.0,960,518.5
127508.0,961,518.5
127558.0,960,518.5
127608.0,960,518.5
127659.0,960,518.5
127709.0,960,518.5
127759.0,960,518.5
127809.0,959,518.5
127859.0,960,518.5
127909.0,960,518.5
127959.0,960,518.5
128009.0,959,518.5
128059.0,960,518.5
128109.0,960,518.5
128159.0,960,518.5
128209.0,960,518.5
128259.0,960,518.5
128309.0,960,518.5
128359.0,960,518.5
128409.0,960,518.5
128459.0,960,518.5
128509.0,960,518.5
128559.0,959,518.5
128609.0,961,518.5
128659.0,960,518.5
128709.0,960,518.5
128759.0,960,518.5
128809.0,960,518.5
128859.0,960,518.5
128909.0,960,518.5
128959.0,960,518.5
129009.0,960,518.5
129059.0,960,518.5
129110.0,960,518.5
129160.0,961,518.5
129210.0,959,518.5
129260.0,960,518.5
129310.0,960,518.5
129360.0,959,518.5
129410.0,960,518.5
129460.0,960,518.5
129510.0,959,518.5
129560.0,959,518.5
129610.0,960,518.5
129660.0,959,518.5
129710.0,960,518.5
129760.0,960,518.5
129810.0,960,518.5
129860.0,960,518.5
129910.0,960,518.5
129960.0,960,518.5
130010.0,960,518.5
130060.0,960,518.5
130110.0,960,518.5
130160.0,960,518.5
130210.0,961,518.5
130260.0,961,518.5
130310.0,961,518.5
130360.0,961,518.5
130410.0,961,518.5
130460.0,961,518.5
130510.0,961,518.5
130560.0,961,518.5
130610.0,961,518.5
130660.0,961,518.5
130710.0,961,518.5
130760.0,961,518.5
130810.0,962,518.5
130860.0,961,518.5
130910.0,961,518.5
130960.0,962,518.5
131010.0,962,518.5
131060.0,961,518.5
131110.0,962,518.5
131160.0,962,518.5
131210.0,962,518.5
131260.0,962,518.5
131310.0,962,518.5
131360.0,963,518.5
131410.0,962,518.5
131460.0,962,518.5
131510.0,962,518.5
131560.0,962,518.5
131610.0,962,518.5
131660.0,962,518.5
131710.0,962,518.5
131760.0,962,518.5
131810.0,962,518.5
131860.0,961,518.5
131910.0,962,518.5
131960.0,961,518.5
132011.0,961,518.5
132061.0,962,518.5
132111.0,961,518.5
132161.0,961,518.5
132211.0,961,518.5
132261.0,961,518.5
132311.0,961,518.5
132361.0,961,518.5
132411.0,961,518.5
132461.0,962,518.5
132511.0,961,518.5
132561.0,961,518.5
132611.0,961,518.5
132661.0,961,518.5
132711.0,961,518.5
132761.0,961,518.5
132811.0,961,518.5
132861.0,961,518.5
132911.0,961,518.5
132961.0,961,518.5
133011.0,961,518.5
133061.0,961,518.5
133111.0,961,518.5
133161.0,961,518.5
133211.0,960,518.5
133261.0,961,518.5
133311.0,961,518.5
133361.0,960,518.5
133411.0,961,518.5
133462.0,960,518.5
133512.0,960,518.5
133562.0,961,518.5
133612.0,960,518.5
133662.0,960,518.5
133712.0,961,518.5
133762.0,961,518.5
133812.0,961,518.5
133862.0,961,518.5
133912.0,960,518.5
133962.0,960,518.5
134012.0,960,518.5
134062.0,960,518.5
134112.0,961,518.5
134162.0,960,518.5
134212.0,961,518.5
134262.0,961,518.5
134312.0,961,518.5
134362.0,961,518.5
134412.0,961,518.5
134462.0,960,518.5
134512.0,961,518.5
134562.0,960,518.5
134612.0,961,518.5
134662.0,961,518.5
134712.0,961,518.5
134762.0,961,518.5
134812.0,961,518.5
134862.0,961,518.5
134912.0,961,518.5
134962.0,961,518.5
135012.0,961,518.5
135062.0,961,518.5
135112.0,961,518.5
135162.0,961,518.5
135212.0,961,518.5
135262.0,961,518.5
135312.0,961,518.5
135362.0,961,518.5
135412.0,960,518.5
135462.0,960,518.5
135512.0,960,518.5
135562.0,960,518.5
135612.0,961,518.5
135662.0,960,518.5
135712.0,960,518.5
135762.0,962,518.5
135812.0,962,518.5
135862.0,962,518.5
135912.0,962,518.5
135962.0,961,518.5
136012.0,961,518.5
136062.0,961,518.5
136112.0,961,518.5
136162.0,961,518.5
136212.0,961,518.5
136262.0,961,518.5
136312.0,962,518.5
136363.0,961,518.5
136413.0,961,518.5
136463.0,962,518.5
136513.0,961,518.5
136563.0,961,518.5
136613.0,962,518.5
136663.0,961,518.5
136713.0,961,518.5
136763.0,961,518.5
136813.0,961,518.5
136863.0,962,518.5
136913.0,961,518.5
136963.0,961,518.5
137013.0,961,518.5
137063.0,961,518.5
137113.0,961,518.5
137163.0,961,518.5
137213.0,961,518.5
137263.0,961,518.5
137313.0,961,518.5
137363.0,961,518.5
137413.0,962,518.5
137463.0,961,518.5
137513.0,961,518.5
137563.0,962,518.5
137613.0,961,518.5
137663.0,961,518.5
137713.0,961,518.5
137763.0,961,518.5
137814.0,961,518.5
137864.0,961,518.5
137914.0,961,518.5
137964.0,962,518.5
138014.0,960,518.5
138064.0,961,518.5
138114.0,961,518.5
138164.0,961,518.5
138214.0,961,518.5
138264.0,961,518.5
138314.0,961,518.5
138364.0,961,518.5
138414.0,961,518.5
138464.0,961,518.5
138514.0,961,518.5
138564.0,961,518.5
138614.0,960,518.5
138664.0,961,518.5
138714.0,961,518.5
138764.0,961,518.5
138814.0,961,518.5
138864.0,961,518.5
138914.0,961,518.5
138964.0,961,518.5
139014.0,961,518.5
139064.0,962,518.5
139114.0,961,518.5
139164.0,961,518.5
139214.0,961,518.5
139264.0,961,518.5
139314.0,961,518.5
139364.0,961,518.5
139414.0,961,518.5
139464.0,961,518.5
139514.0,961,518.5
139564.0,961,518.5
139614.0,961,518.5
139664.0,961,518.5
139714.0,961,518.5
139764.0,961,518.5
139814.0,961,518.5
139864.0,961,518.5
139914.0,961,518.5
139964.0,961,518.5
140014.0,961,518.5
140064.0,961,518.5
140114.0,961,518.5
140164.0,961,518.5
140214.0,961,518.5
140264.0,961,518.5
140314.0,961,518.5
140364.0,961,518.5
140414.0,961,518.5
140464.0,961,518.5
140514.0,961,518.5
140564.0,961,518.5
140614.0,961,518.5
140664.0,961,518.5
140715.0,961,518.5
140765.0,961,518.5
140815.0,961,518.5
140865.0,961,518.5
140915.0,961,518.5
140965.0,961,518.5
141015.0,961,518.5
141065.0,961,518.5
141115.0,961,518.5
141165.0,961,518.5
141215.0,961,518.5
141265.0,961,518.5
141315.0,961,518.5
141365.0,961,518.5
141415.0,961,518.5
141465.0,961,518.5
141515.0,961,518.5
141565.0,961,518.5
141615.0,961,518.5
141665.0,961,518.5
141715.0,961,518.5
141765.0,961,518.5
141815.0,961,518.5
141865.0,961,518.5
141915.0,961,518.5
141965.0,961,518.5
142015.0,961,518.5
142065.0,961,518.5
142115.0,961,518.5
142166.0,961,518.5
142216.0,961,518.5
142266.0,961,518.5
142316.0,961,518.5
142366.0,961,518.5
142416.0,961,518.5
142466.0,961,518.5
142516.0,961,518.5
142566.0,961,518.5
142616.0,961,518.5
142666.0,961,518.5
142716.0,960,518.5
142766.0,961,518.5
142816.0,961,518.5
142866.0,961,518.5
142916.0,961,518.5
142966.0,961,518.5
143016.0,961,518.5
143066.0,961,518.5
143116.0,960,518.5
143166.0,961,518.5
143216.0,961,518.5
143266.0,961,518.5
143316.0,961,518.5
143366.0,961,518.5
143416.0,960,518.5
143466.0,961,518.5
143516.0,961,518.5
143566.0,961,518.5
143616.0,961,518.5
143666.0,961,518.5
143716.0,961,518.5
143766.0,961,518.5
143816.0,961,518.5
143866.0,961,518.5
143916.0,961,518.5
143966.0,961,518.5
144016.0,961,518.5
144066.0,961,518.5
144116.0,961,518.5
144166.0,961,518.5
144216.0,961,518.5
144266.0,961,518.5
144316.0,961,518.5
144366.0,961,518.5
144416.0,961,518.5
144466.0,961,518.5
144516.0,961,518.5
144566.0,961,518.5
144616.0,961,518.5
144666.0,961,518.5
144716.0,961,518.5
144766.0,961,518.5
144816.0,961,518.5
144866.0,961,518.5
144916.0,961,518.5
144966.0,961,518.5
145016.0,961,518.5
145067.0,961,518.5
145117.0,962,518.5
145167.0,961,518.5
145217.0,961,518.5
145267.0,961,518.5
145317.0,961,518.5
145367.0,961,518.5
145417.0,961,518.5
145467.0,961,518.5
145517.0,961,518.5
145567.0,961,518.5
145617.0,961,518.5
145667.0,961,518.5
145717.0,961,518.5
145767.0,961,518.5
145817.0,961,518.5
145867.0,961,518.5
145917.0,961,518.5
145967.0,961,518.5
146017.0,960,518.5
146067.0,961,518.5
146117.0,961,518.5
146167.0,961,518.5
146217.0,961,518.5
146267.0,961,518.5
146317.0,961,518.5
146367.0,961,518.5
146417.0,961,518.5
146467.0,961,518.5
146518.0,961,518.5
146568.0,960,518.5
146618.0,961,518.5
146668.0,961,518.5
146718.0,961,518.5
146768.0,961,518.5
146818.0,961,518.5
146868.0,961,518.5
146918.0,961,518.5
146968.0,961,518.5
147018.0,961,518.5
147068.0,961,518.5
147118.0,961,518.5
147168.0,961,518.5
147218.0,961,518.5
147268.0,961,518.5
147318.0,961,518.5
147368.0,961,518.5
147418.0,961,518.5
147468.0,961,518.5
147518.0,961,518.5
147568.0,961,518.5
147618.0,961,518.5
147668.0,961,518.5
147718.0,961,518.5
147768.0,961,518.5
147818.0,961,518.5
147868.0,962,518.5
147918.0,961,518.5
147968.0,961,518.5
148018.0,961,518.5
148068.0,961,518.5
148118.0,961,518.5
148168.0,962,518.5
148218.0,961,518.5
148268.0,961,518.5
148318.0,961,518.5
148368.0,961,518.5
148418.0,962,518.5
148468.0,961,518.5
148518.0,961,518.5
148568.0,961,518.5
148618.0,961,518.5
148668.0,961,518.5
148718.0,961,518.5
148768.0,961,518.5
148818.0,961,518.5
148868.0,961,518.5
148918.0,961,518.5
148968.0,961,518.5
149018.0,961,518.5
149068.0,961,518.5
149118.0,961,518.5
149168.0,961,518.5
149218.0,961,518.5
149268.0,961,518.5
149318.0,961,518.5
149368.0,961,518.5
149419.0,961,518.5
149469.0,961,518.5
149519.0,962,518.5
149569.0,961,518.5
149619.0,961,518.5
149669.0,961,518.5
149719.0,961,518.5
149769.0,961,518.5
149819.0,961,518.5
149869.0,961,518.5
149919.0,961,518.5
149969.0,961,518.5
150019.0,961,518.5
150069.0,961,518.5
150119.0,961,518.5
150169.0,961,518.5
150219.0,961,518.5
150269.0,961,518.5
150319.0,961,518.5
150369.0,961,518.5
150419.0,961,518.5
150469.0,961,518.5
150519.0,961,518.5
150569.0,961,518.5
150619.0,961,518.5
150669.0,961,518.5
150719.0,961,518.5
150769.0,962,518.5
150819.0,960,518.5
150870.0,961,518.5
150920.0,961,518.5
150970.0,961,518.5
151020.0,961,518.5
151070.0,961,518.5
151120.0,961,518.5
151170.0,962,518.5
151220.0,961,518.5
151270.0,961,518.5
151320.0,962,518.5
151370.0,961,518.5
151420.0,961,518.5
151470.0,961,518.5
151520.0,961,518.5
151570.0,961,518.5
151620.0,961,518.5
151670.0,961,518.5
151720.0,961,518.5
151770.0,961,518.5
151820.0,961,518.5
151870.0,961,518.5
151920.0,961,518.5
151970.0,961,518.5
152020.0,962,518.5
152070.0,961,518.5
152120.0,961,518.5
152170.0,961,518.5
152220.0,961,518.5
152270.0,962,518.5
152320.0,961,518.5
152370.0,961,518.5
152420.0,961,518.5
152470.0,961,518.5
152520.0,961,518.5
152570.0,961,518.5
152620.0,961,518.5
152670.0,961,518.5
152720.0,961,518.5
152770.0,961,518.5
152820.0,962,518.5
152870.0,961,518.5
152920.0,961,518.5
152970.0,962,518.5
153020.0,961,518.5
153070.0,961,518.5
153120.0,960,518.5
153170.0,961,518.5
153220.0,961,518.5
153270.0,961,518.5
153320.0,961,518.5
153370.0,961,518.5
153420.0,961,518.5
153470.0,961,518.5
153520.0,961,518.5
153570.0,961,518.5
153620.0,961,518.5
153670.0,961,518.5
153720.0,961,518.5
153771.0,961,518.5
153821.0,962,518.5
153871.0,961,518.5
153921.0,962,518.5
153971.0,961,518.5
154021.0,961,518.5
154071.0,961,518.5
154121.0,961,518.5
154171.0,961,518.5
154221.0,961,518.5
154271.0,961,518.5
154321.0,961,518.5
154371.0,961,518.5
154421.0,961,518.5
154471.0,962,518.5
154521.0,961,518.5
154571.0,961,518.5
154621.0,961,518.5
154671.0,961,518.5
154721.0,961,518.5
154771.0,961,518.5
154821.0,961,518.5
154871.0,961,518.5
154921.0,961,518.5
154971.0,961,518.5
155021.0,962,518.5
155071.0,961,518.5
155121.0,961,518.5
155171.0,961,518.5
155222.0,961,518.5
155272.0,961,518.5
155322.0,962,518.5
155372.0,961,518.5
155422.0,961,518.5
155472.0,961,518.5
155522.0,961,518.5
155572.0,962,518.5
155622.0,961,518.5
155672.0,961,518.5
155722.0,962,518.5
155772.0,961,518.5
155822.0,961,518.5
155872.0,962,518.5
155922.0,961,518.5
155972.0,961,518.5
156022.0,961,518.5
156072.0,961,518.5
156122.0,962,518.5
156172.0,961,518.5
156222.0,961,518.5
156272.0,961,518.5
156322.0,961,518.5
156372.0,961,518.5
156422.0,961,518.5
156472.0,961,518.5
156522.0,961,518.5
156572.0,962,518.5
156622.0,961,518.5
156672.0,961,518.5
156722.0,961,518.5
156772.0,961,518.5
156822.0,961,518.5
156872.0,961,518.5
156922.0,961,518.5
156972.0,961,518.5
157022.0,961,518.5
157072.0,961,518.5
157122.0,961,518.5
157172.0,961,518.5
157222.0,961,518.5
157272.0,961,518.5
157322.0,961,518.5
157372.0,962,518.5
157422.0,961,518.5
157472.0,961,518.5
157522.0,962,518.5
157572.0,961,518.5
157622.0,961,518.5
157672.0,961,518.5
157722.0,961,518.5
157772.0,961,518.5
157822.0,961,518.5
157872.0,961,518.5
157922.0,961,518.5
157972.0,961,518.5
158022.0,961,518.5
158072.0,962,518.5
158123.0,961,518.5
158173.0,961,518.5
158223.0,961,518.5
158273.0,961,518.5
158323.0,961,518.5
158373.0,961,518.5
158423.0,961,518.5
158473.0,962,518.5
158523.0,961,518.5
158573.0,961,518.5
158623.0,961,518.5
158673.0,961,518.5
158723.0,961,518.5
158773.0,962,518.5
158823.0,961,518.5
158873.0,961,518.5
158923.0,961,518.5
158973.0,961,518.5
159023.0,961,518.5
159073.0,961,518.5
159123.0,961,518.5
159173.0,961,518.5
159223.0,961,518.5
159273.0,961,518.5
159323.0,961,518.5
159373.0,961,518.5
159423.0,961,518.5
159473.0,961,518.5
159523.0,961,518.5
159574.0,962,518.5
159624.0,961,518.5
159674.0,961,518.5
159724.0,962,518.5
159774.0,961,518.5
159824.0,961,518.5
159874.0,962,518.5
159924.0,961,518.5
159974.0,961,518.5
160024.0,961,518.5
160074.0,961,518.5
160124.0,962,518.5
160174.0,961,518.5
160224.0,961,518.5
160274.0,962,518.5
160324.0,961,518.5
160374.0,961,518.5
160424.0,961,518.5
160474.0,961,518.5
160524.0,961,518.5
160574.0,961,518.5
160624.0,961,518.5
160674.0,962,518.5
160724.0,961,518.5
160774.0,961,518.5
160824.0,961,518.5
160874.0,961,518.5
160924.0,961,518.5
160974.0,961,518.5
161024.0,961,518.5
161074.0,961,518.5
161124.0,961,518.5
161174.0,961,518.5
161224.0,961,518.5
161274.0,961,518.5
161324.0,961,518.5
161374.0,961,518.5
161424.0,961,518.5
161474.0,961,518.5
161524.0,961,518.5
161574.0,961,518.5
161624.0,961,518.5
161674.0,961,518.5
161724.0,961,518.5
161774.0,961,518.5
161824.0,961,518.5
161874.0,961,518.5
161924.0,961,518.5
161974.0,961,518.5
162024.0,961,518.5
162074.0,961,518.5
162124.0,961,518.5
162174.0,961,518.5
162224.0,961,518.5
162274.0,961,518.5
162324.0,961,518.5
162374.0,961,518.5
162424.0,961,518.5
162475.0,961,518.5
162525.0,961,518.5
162575.0,961,518.5
162625.0,961,518.5
162675.0,961,518.5
162725.0,961,518.5
162775.0,961,518.5
162825.0,961,518.5
162875.0,961,518.5
162925.0,961,518.5
162975.0,961,518.5
163025.0,961,518.5
163075.0,961,518.5
163125.0,961,518.5
163175.0,961,518.5
163225.0,961,518.5
163275.0,961,518.5
163325.0,961,518.5
163375.0,961,518.5
163425.0,962,518.5
163475.0,961,518.5
163525.0,961,518.5
163575.0,961,518.5
163625.0,961,518.5
163675.0,961,518.5
163725.0,961,518.5
163775.0,961,518.5
163825.0,961,518.5
163875.0,961,518.5
163926.0,961,518.5
163976.0,961,518.5
164026.0,961,518.5
164076.0,961,518.5
164126.0,961,518.5
164176.0,961,518.5
164226.0,961,518.5
164276.0,961,518.5
164326.0,960,518.5
164376.0,961,518.5
164426.0,961,518.5
164476.0,960,518.5
164526.0,961,518.5
164576.0,960,518.5
164626.0,961,518.5
164676.0,961,518.5
164726.0,961,518.5
164776.0,961,518.5
164826.0,961,518.5
164876.0,960,518.5
164926.0,961,518.5
164976.0,961,518.5
165026.0,961,518.5
165076.0,961,518.5
165126.0,961,518.5
165176.0,961,518.5
165226.0,961,518.5
165276.0,961,518.5
165326.0,961,518.5
165376.0,961,518.5
165426.0,961,518.5
165476.0,961,518.5
165526.0,960,518.5
165576.0,961,518.5
165626.0,961,518.5
165676.0,961,518.5
165726.0,961,518.5
165776.0,961,518.5
165826.0,961,518.5
165876.0,961,518.5
165926.0,961,518.5
165976.0,961,518.5
166026.0,961,518.5
166076.0,961,518.5
166126.0,960,518.5
166176.0,961,518.5
166226.0,961,518.5
166276.0,961,518.5
166326.0,961,518.5
166376.0,961,518.5
166426.0,961,518.5
166476.0,961,518.5
166526.0,961,518.5
166576.0,961,518.5
166626.0,961,518.5
166676.0,961,518.5
166726.0,961,518.5
166776.0,961,518.5
166827.0,960,518.5
166877.0,961,518.5
166927.0,961,518.5
166977.0,961,518.5
167027.0,961,518.5
167077.0,960,518.5
167127.0,961,518.5
167177.0,961,518.5
167227.0,961,518.5
167277.0,961,518.5
167327.0,961,518.5
167377.0,961,518.5
167427.0,961,518.5
167477.0,961,518.5
167527.0,961,518.5
167577.0,961,518.5
167627.0,961,518.5
167677.0,961,518.5
167727.0,961,518.5
167777.0,961,518.5
167827.0,961,518.5
167877.0,961,518.5
167927.0,961,518.5
167977.0,961,518.5
168027.0,961,518.5
168077.0,960,518.5
168127.0,961,518.5
168177.0,961,518.5
168227.0,961,518.5
168278.0,961,518.5
168328.0,961,518.5
168378.0,961,518.5
168428.0,961,518.5
168478.0,961,518.5
168528.0,961,518.5
168578.0,960,518.5
168628.0,960,518.5
168678.0,961,518.5
168728.0,961,518.5
168778.0,961,518.5
168828.0,961,518.5
168878.0,961,518.5
168928.0,961,518.5
168978.0,961,518.5
169028.0,961,518.5
169078.0,961,518.5
169128.0,961,518.5
169178.0,961,518.5
169228.0,961,518.5
169278.0,961,518.5
169328.0,961,518.5
169378.0,961,518.5
169428.0,961,518.5
169478.0,961,518.5
169528.0,961,518.5
169578.0,961,518.5
169628.0,961,518.5
169678.0,961,518.5
169728.0,961,518.5
169778.0,961,518.5
169828.0,961,518.5
169878.0,961,518.5
169928.0,961,518.5
169978.0,961,518.5
170028.0,961,518.5
170078.0,961,518.5
170128.0,961,518.5
170178.0,961,518.5
170228.0,961,518.5
170278.0,961,518.5
170328.0,961,518.5
170378.0,961,518.5
170428.0,961,518.5
170478.0,961,518.5
170528.0,961,518.5
170578.0,961,518.5
170628.0,961,518.5
170678.0,961,518.5
170728.0,961,518.5
170778.0,961,518.5
170828.0,961,518.5
170878.0,961,518.5
170928.0,961,518.5
170978.0,961,518.5
171028.0,961,518.5
171078.0,961,518.5
171128.0,961,518.5
171179.0,961,518.5
171229.0,961,518.5
171279.0,961,518.5
171329.0,961,518.5
171379.0,961,518.5
171429.0,961,518.5
171479.0,961,518.5
171529.0,961,518.5
171579.0,961,518.5
171629.0,961,518.5
171679.0,961,518.5
171729.0,961,518.5
171779.0,961,518.5
171829.0,961,518.5
171879.0,961,518.5
171929.0,960,518.5
171979.0,961,518.5
172029.0,961,518.5
172079.0,961,518.5
172129.0,961,518.5
172179.0,961,518.5
172229.0,961,518.5
172279.0,961,518.5
172329.0,961,518.5
172379.0,961,518.5
172429.0,961,518.5
172479.0,961,518.5
172529.0,961,518.5
172579.0,961,518.5
172630.0,961,518.5
172680.0,961,518.5
172730.0,961,518.5
172780.0,961,518.5
172830.0,961,518.5
172880.0,961,518.5
172930.0,961,518.5
172980.0,961,518.5
173030.0,961,518.5
173080.0,961,518.5
173130.0,961,518.5
173180.0,960,518.5
173230.0,961,518.5
173280.0,961,518.5
173330.0,961,518.5
173380.0,961,518.5
173430.0,961,518.5
173480.0,961,518.5
173530.0,961,518.5
173580.0,961,518.5
173630.0,961,518.5
173680.0,961,518.5
173730.0,961,518.5
173780.0,962,518.5
173830.0,961,518.5
173880.0,961,518.5
173930.0,961,518.5
173980.0,961,518.5
174030.0,961,518.5
174080.0,961,518.5
174130.0,961,518.5
174180.0,961,518.5
174230.0,961,518.5
174280.0,961,518.5
174330.0,961,518.5
174380.0,961,518.5
174430.0,961,518.5
174480.0,961,518.5
174530.0,961,518.5
174580.0,961,518.5
174630.0,961,518.5
174680.0,960,518.5
174730.0,961,518.5
174780.0,961,518.5
174830.0,961,518.5
174880.0,961,518.5
174930.0,961,518.5
174980.0,961,518.5
175030.0,961,518.5
175080.0,961,518.5
175130.0,961,518.5
175180.0,961,518.5
175230.0,961,518.5
175280.0,961,518.5
175330.0,961,518.5
175380.0,961,518.5
175430.0,961,518.5
175480.0,961,518.5
175531.0,960,518.5
175581.0,961,518.5
175631.0,961,518.5
175681.0,961,518.5
175731.0,961,518.5
175781.0,961,518.5
175831.0,961,518.5
175881.0,961,518.5
175931.0,961,518.5
175981.0,961,518.5
176031.0,961,518.5
176081.0,961,518.5
176131.0,961,518.5
176181.0,961,518.5
176231.0,961,518.5
176281.0,961,518.5
176331.0,961,518.5
176381.0,961,518.5
176431.0,960,518.5
176481.0,961,518.5
176531.0,961,518.5
176581.0,961,518.5
176631.0,961,518.5
176681.0,961,518.5
176731.0,961,518.5
176781.0,961,518.5
176831.0,961,518.5
176881.0,961,518.5
176931.0,961,518.5
176982.0,961,518.5
177032.0,961,518.5
177082.0,961,518.5
177132.0,961,518.5
177182.0,961,518.5
177232.0,961,518.5
177282.0,961,518.5
177332.0,961,518.5
177382.0,961,518.5
177432.0,961,518.5
177482.0,961,518.5
177532.0,961,518.5
177582.0,961,518.5
177632.0,961,518.5
177682.0,961,518.5
177732.0,961,518.5
177782.0,961,518.5
177832.0,961,518.5
177882.0,961,518.5
177932.0,961,518.5
177982.0,961,518.5
178032.0,961,518.5
178082.0,961,518.5
178132.0,961,518.5
178182.0,961,518.5
178232.0,961,518.5
178282.0,961,518.5
178332.0,962,518.5
178382.0,961,518.5
178432.0,961,518.5
178482.0,961,518.5
178532.0,961,518.5
178582.0,961,518.5
178632.0,961,518.5
178682.0,961,518.5
178732.0,961,518.5
178782.0,961,518.5
178832.0,961,518.5
178882.0,962,518.5
178932.0,961,518.5
178982.0,961,518.5
179032.0,961,518.5
179082.0,961,518.5
179132.0,961,518.5
179182.0,961,518.5
179232.0,961,518.5
179282.0,961,518.5
179332.0,961,518.5
179382.0,961,518.5
179432.0,962,518.5
179482.0,961,518.5
179532.0,961,518.5
179582.0,961,518.5
179632.0,961,518.5
179682.0,961,518.5
179732.0,961,518.5
179782.0,961,518.5
179832.0,961,518.5
179883.0,961,518.5
179933.0,961,518.5
179983.0,961,518.5
180033.0,961,518.5
180083.0,961,518.5
180133.0,961,518.5
180183.0,961,518.5
180233.0,961,518.5
180283.0,961,518.5
180333.0,961,518.5
180383.0,961,518.5
180433.0,961,518.5
180483.0,961,518.5
180533.0,961,518.5
180583.0,961,518.5
180633.0,961,518.5
180683.0,961,518.5
180733.0,961,518.5
180783.0,961,518.5
180833.0,961,518.5
180883.0,961,518.5
180933.0,961,518.5
180983.0,961,518.5
181033.0,961,518.5
181083.0,961,518.5
181133.0,961,518.5
181183.0,961,518.5
181233.0,961,518.5
181283.0,961,518.5
181334.0,961,518.5
181384.0,961,518.5
181434.0,961,518.5
181484.0,961,518.5
181534.0,961,518.5
181584.0,961,518.5
181634.0,961,518.5
181684.0,961,518.5
181734.0,961,518.5
181784.0,961,518.5
181834.0,961,518.5
181884.0,961,518.5
181934.0,961,518.5
181984.0,961,518.5
182034.0,961,518.5
182084.0,961,518.5
182134.0,961,518.5
182184.0,961,518.5
182234.0,961,518.5
182284.0,961,518.5
182334.0,961,518.5
182384.0,961,518.5
182434.0,961,518.5
182484.0,961,518.5
182534.0,961,518.5
182584.0,961,518.5
182634.0,961,518.5
182684.0,961,518.5
182734.0,961,518.5
182784.0,961,518.5
182834.0,961,518.5
182884.0,961,518.5
182934.0,961,518.5
182984.0,961,518.5
183034.0,961,518.5
183084.0,961,518.5
183134.0,961,518.5
183184.0,961,518.5
183234.0,961,518.5
183284.0,961,518.5
183334.0,961,518.5
183384.0,961,518.5
183434.0,961,518.5
183484.0,961,518.5
183534.0,960,518.5
183584.0,961,518.5
183634.0,961,518.5
183684.0,961,518.5
183734.0,961,518.5
183784.0,961,518.5
183834.0,961,518.5
183884.0,961,518.5
183934.0,961,518.5
183984.0,961,518.5
184034.0,961,518.5
184084.0,960,518.5
184134.0,960,518.5
184184.0,961,518.5
184235.0,961,518.5
184285.0,961,518.5
184335.0,960,518.5
184385.0,961,518.5
184435.0,961,518.5
184485.0,961,518.5
184535.0,961,518.5
184585.0,961,518.5
184635.0,961,518.5
184685.0,960,518.5
184735.0,961,518.5
184785.0,961,518.5
184835.0,961,518.5
184885.0,961,518.5
184935.0,960,518.5
184985.0,961,518.5
185035.0,961,518.5
185085.0,961,518.5
185135.0,961,518.5
185185.0,961,518.5
185235.0,961,518.5
185285.0,960,518.5
185335.0,961,518.5
185385.0,961,518.5
185435.0,961,518.5
185485.0,961,518.5
185535.0,961,518.5
185585.0,961,518.5
185635.0,961,518.5
185686.0,961,518.5
185736.0,960,518.5
185786.0,960,518.5
185836.0,961,518.5
185886.0,961,518.5
185936.0,961,518.5
185986.0,961,518.5
186036.0,961,518.5
186086.0,961,518.5
186136.0,961,518.5
186186.0,961,518.5
186236.0,961,518.5
186286.0,961,518.5
186336.0,961,518.5
186386.0,961,518.5
186436.0,961,518.5
186486.0,961,518.5
186536.0,961,518.5
186586.0,961,518.5
186636.0,961,518.5
186686.0,961,518.5
186736.0,961,518.5
186786.0,961,518.5
186836.0,961,518.5
186886.0,961,518.5
186936.0,961,518.5
186986.0,961,518.5
187036.0,961,518.5
187086.0,960,518.5
187136.0,961,518.5
187186.0,961,518.5
187236.0,961,518.5
187286.0,961,518.5
187336.0,961,518.5
187386.0,961,518.5
187436.0,960,518.5
187486.0,961,518.5
187536.0,960,518.5
187586.0,961,518.5
187636.0,961,518.5
187686.0,961,518.5
187736.0,961,518.5
187786.0,961,518.5
187836.0,961,518.5
187886.0,961,518.5
187936.0,960,518.5
187986.0,961,518.5
188036.0,961,518.5
188086.0,961,518.5
188136.0,961,518.5
188186.0,961,518.5
188236.0,961,518.5
188286.0,961,518.5
188336.0,961,518.5
188386.0,961,518.5
188436.0,961,518.5
188486.0,961,518.5
188536.0,961,518.5
188587.0,961,518.5
188637.0,961,518.5
188687.0,961,518.5
188737.0,961,518.5
188787.0,961,518.5
188837.0,961,518.5
188887.0,961,518.5
188937.0,961,518.5
188987.0,961,518.5
189037.0,961,518.5
189087.0,961,518.5
189137.0,961,518.5
189187.0,961,518.5
189237.0,962,518.5
189287.0,961,518.5
189337.0,961,518.5
189387.0,961,518.5
189437.0,961,518.5
189487.0,961,518.5
189537.0,961,518.5
189587.0,961,518.5
189637.0,961,518.5
189687.0,961,518.5
189737.0,961,518.5
189787.0,962,518.5
189837.0,961,518.5
189887.0,961,518.5
189937.0,961,518.5
189987.0,961,518.5
190038.0,961,518.5
190088.0,961,518.5
190138.0,961,518.5
190188.0,961,518.5
190238.0,961,518.5
190288.0,961,518.5
190338.0,961,518.5
190388.0,961,518.5
190438.0,961,518.5
190488.0,962,518.5
190538.0,961,518.5
190588.0,961,518.5
190638.0,962,518.5
190688.0,961,518.5
190738.0,961,518.5
190788.0,961,518.5
190838.0,961,518.5
190888.0,961,518.5
190938.0,961,518.5
190988.0,961,518.5
191038.0,961,518.5
191088.0,961,518.5
191138.0,961,518.5
191188.0,961,518.5
191238.0,961,518.5
191288.0,961,518.5
191338.0,961,518.5
191388.0,961,518.5
191438.0,961,518.5
191488.0,960,518.5
191538.0,960,518.5
191588.0,961,518.5
191638.0,960,518.5
191688.0,961,518.5
191738.0,961,518.5
191788.0,961,518.5
191838.0,961,518.5
191888.0,961,518.5
191938.0,961,518.5
191988.0,961,518.5
192038.0,961,518.5
192088.0,961,518.5
192138.0,961,518.5
192188.0,961,518.5
192238.0,961,518.5
192288.0,961,518.5
192338.0,961,518.5
192388.0,961,518.5
192438.0,960,518.5
192488.0,961,518.5
192538.0,961,518.5
192588.0,961,518.5
192638.0,961,518.5
192688.0,961,518.5
192738.0,961,518.5
192788.0,961,518.5
192838.0,961,518.5
192888.0,960,518.5
192939.0,961,518.5
192989.0,961,518.5
193039.0,961,518.5
193089.0,961,518.5
193139.0,961,518.5
193189.0,961,518.5
193239.0,961,518.5
193289.0,961,518.5
193339.0,961,518.5
193389.0,961,518.5
193439.0,961,518.5
193489.0,961,518.5
193539.0,961,518.5
193589.0,961,518.5
193639.0,961,518.5
193689.0,961,518.5
193739.0,961,518.5
193789.0,961,518.5
193839.0,961,518.5
193889.0,961,518.5
193939.0,961,518.5
193989.0,961,518.5
194039.0,961,518.5
194089.0,961,518.5
194139.0,961,518.5
194189.0,961,518.5
194239.0,961,518.5
194289.0,961,518.5
194339.0,961,518.5
194390.0,961,518.5
194440.0,961,518.5
194490.0,961,518.5
194540.0,961,518.5
194590.0,961,518.5
194640.0,961,518.5
194690.0,961,518.5
194740.0,961,518.5
194790.0,961,518.5
194840.0,961,518.5
194890.0,961,518.5
194940.0,961,518.5
194990.0,961,518.5
195040.0,962,518.5
195090.0,961,518.5
195140.0,961,518.5
195190.0,961,518.5
195240.0,961,518.5
195290.0,961,518.5
195340.0,961,518.5
195390.0,961,518.5
195440.0,961,518.5
195490.0,961,518.5
195540.0,961,518.5
195590.0,961,518.5
195640.0,961,518.5
195690.0,961,518.5
195740.0,961,518.5
195790.0,961,518.5
195840.0,961,518.5
195890.0,962,518.5
195940.0,961,518.5
195990.0,961,518.5
196040.0,961,518.5
196090.0,961,518.5
196140.0,961,518.5
196190.0,961,518.5
196240.0,961,518.5
196290.0,961,518.5
196340.0,961,518.5
196390.0,961,518.5
196440.0,961,518.5
196490.0,961,518.5
196540.0,961,518.5
196590.0,961,518.5
196640.0,961,518.5
196690.0,962,518.5
196740.0,961,518.5
196790.0,961,518.5
196840.0,961,518.5
196890.0,961,518.5
196940.0,961,518.5
196990.0,961,518.5
197040.0,961,518.5
197090.0,961,518.5
197140.0,961,518.5
197190.0,961,518.5
197240.0,962,518.5
197291.0,961,518.5
197341.0,961,518.5
197391.0,961,518.5
197441.0,961,518.5
197491.0,961,518.5
197541.0,961,518.5
197591.0,961,518.5
197641.0,961,518.5
197691.0,961,518.5
197741.0,961,518.5
197791.0,962,518.5
197841.0,961,518.5
197891.0,961,518.5
197941.0,961,518.5
197991.0,961,518.5
198041.0,961,518.5
198091.0,961,518.5
198141.0,961,518.5
198191.0,961,518.5
198241.0,961,518.5
198291.0,961,518.5
198341.0,962,518.5
198391.0,961,518.5
198441.0,961,518.5
198491.0,961,518.5
198541.0,961,518.5
198591.0,961,518.5
198641.0,961,518.5
198691.0,961,518.5
198742.0,961,518.5
198792.0,961,518.5
198842.0,961,518.5
198892.0,961,518.5
198942.0,961,518.5
198992.0,961,518.5
199042.0,961,518.5
199092.0,959,518.5
199142.0,957,518.5
199192.0,956,518.5
199242.0,956,518.5
199292.0,955,518.5
199342.0,955,518.5
199392.0,955,518.5
199442.0,957,518.5
199492.0,957,518.5
199542.0,958,518.5
199592.0,958,518.5
199642.0,958,518.5
199692.0,958,518.5
199742.0,958,518.5
199792.0,958,518.5
199842.0,958,518.5
199892.0,958,518.5
199942.0,957,518.5
199992.0,959,518.5
200042.0,958,518.5
200092.0,957,518.5
200142.0,958,518.5
200192.0,958,518.5
200242.0,958,518.5
200292.0,958,518.5
200342.0,957,518.5
200392.0,957,518.5
200442.0,957,518.5
200492.0,957,518.5
200542.0,959,518.5
200592.0,958,518.5
200642.0,958,518.5
200692.0,958,518.5
200742.0,958,518.5
200792.0,958,518.5
200842.0,958,518.5
200892.0,958,518.5
200942.0,959,518.5
200992.0,958,518.5
201042.0,958,518.5
201092.0,959,518.5
201142.0,959,518.5
201192.0,958,518.5
201242.0,959,518.5
201292.0,958,518.5
201342.0,959,518.5
201392.0,959,518.5
201442.0,959,518.5
201492.0,959,518.5
201542.0,959,518.5
201592.0,959,518.5
201643.0,959,518.5
201693.0,959,518.5
201743.0,959,518.5
201793.0,960,518.5
201843.0,959,518.5
201893.0,959,518.5
201943.0,959,518.5
201993.0,959,518.5
202043.0,959,518.5
202093.0,959,518.5
202143.0,959,518.5
202193.0,959,518.5
202243.0,959,518.5
202293.0,960,518.5
202343.0,960,518.5
202393.0,960,518.5
202443.0,960,518.5
202493.0,960,518.5
202543.0,960,518.5
202593.0,960,518.5
202643.0,960,518.5
202693.0,960,518.5
202743.0,960,518.5
202793.0,959,518.5
202843.0,960,518.5
202893.0,960,518.5
202943.0,960,518.5
202993.0,960,518.5
203043.0,960,518.5
203094.0,960,518.5
203144.0,961,518.5
203194.0,960,518.5
203244.0,960,518.5
203294.0,960,518.5
203344.0,960,518.5
203394.0,960,518.5
203444.0,961,518.5
203494.0,960,518.5
203544.0,960,518.5
203594.0,960,518.5
203644.0,960,518.5
203694.0,960,518.5
203744.0,960,518.5
203794.0,960,518.5
203844.0,960,518.5
203894.0,960,518.5
203944.0,960,518.5
203994.0,960,518.5
204044.0,960,518.5
204094.0,960,518.5
204144.0,960,518.5
204194.0,960,518.5
204244.0,960,518.5
204294.0,960,518.5
204344.0,960,518.5
204394.0,960,518.5
204444.0,959,518.5
204494.0,960,518.5
204544.0,960,518.5
204594.0,960,518.5
204644.0,960,518.5
204694.0,960,518.5
204744.0,960,518.5
204794.0,960,518.5
204844.0,960,518.5
204894.0,960,518.5
204944.0,960,518.5
204994.0,960,518.5
205044.0,960,518.5
205094.0,960,518.5
205144.0,960,518.5
205194.0,960,518.5
205244.0,960,518.5
205294.0,960,518.5
205344.0,960,518.5
205394.0,960,518.5
205444.0,960,518.5
205494.0,960,518.5
205544.0,959,518.5
205594.0,960,518.5
205644.0,960,518.5
205694.0,959,518.5
205744.0,960,518.5
205794.0,959,518.5
205844.0,959,518.5
205894.0,960,518.5
205944.0,960,518.5
205995.0,960,518.5
206045.0,960,518.5
206095.0,960,518.5
206145.0,960,518.5
206195.0,960,518.5
206245.0,959,518.5
206295.0,960,518.5
206345.0,960,518.5
206395.0,959,518.5
206445.0,960,518.5
206495.0,959,518.5
206545.0,959,518.5
206595.0,959,518.5
206645.0,959,518.5
206695.0,959,518.5
206745.0,960,518.5
206795.0,959,518.5
206845.0,960,518.5
206895.0,959,518.5
206945.0,959,518.5
206995.0,959,518.5
207045.0,960,518.5
207095.0,959,518.5
207145.0,959,518.5
207195.0,959,518.5
207245.0,959,518.5
207295.0,959,518.5
207345.0,959,518.5
207395.0,960,518.5
207446.0,959,518.5
207496.0,959,518.5
207546.0,959,518.5
207596.0,959,518.5
207646.0,959,518.5
207696.0,959,518.5
207746.0,959,518.5
207796.0,959,518.5
207846.0,959,518.5
207896.0,959,518.5
207946.0,960,518.5
207996.0,960,518.5
208046.0,959,518.5
208096.0,960,518.5
208146.0,960,518.5
208196.0,959,518.5
208246.0,959,518.5
208296.0,959,518.5
208346.0,959,518.5
208396.0,959,518.5
208446.0,959,518.5
208496.0,960,518.5
208546.0,959,518.5
208596.0,959,518.5
208646.0,959,518.5
208696.0,959,518.5
208746.0,959,518.5
208796.0,959,518.5
208846.0,959,518.5
208896.0,959,518.5
208946.0,959,518.5
208996.0,959,518.5
209046.0,960,518.5
209096.0,959,518.5
209146.0,959,518.5
209196.0,959,518.5
209246.0,959,518.5
209296.0,959,518.5
209346.0,959,518.5
209396.0,959,518.5
209446.0,959,518.5
209496.0,959,518.5
209546.0,959,518.5
209596.0,959,518.5
209646.0,959,518.5
209696.0,959,518.5
209746.0,959,518.5
209796.0,959,518.5
209846.0,959,518.5
209896.0,960,518.5
209946.0,959,518.5
209996.0,959,518.5
210046.0,959,518.5
210096.0,958,518.5
210146.0,959,518.5
210196.0,959,518.5
210246.0,959,518.5
210296.0,959,518.5
210347.0,959,518.5
210397.0,960,518.5
210447.0,960,518.5
210497.0,960,518.5
210547.0,960,518.5
210597.0,961,518.5
210647.0,960,518.5
210697.0,960,518.5
210747.0,960,518.5
210797.0,960,518.5
210847.0,961,518.5
210897.0,960,518.5
210947.0,960,518.5
210997.0,960,518.5
211047.0,960,518.5
211097.0,960,518.5
211147.0,961,518.5
211197.0,960,518.5
211247.0,961,518.5
211297.0,960,518.5
211347.0,961,518.5
211397.0,961,518.5
211447.0,961,518.5
211497.0,961,518.5
211547.0,961,518.5
211597.0,960,518.5
211647.0,960,518.5
211697.0,961,518.5
211747.0,960,518.5
211798.0,961,518.5
211848.0,960,518.5
211898.0,960,518.5
211948.0,961,518.5
211998.0,960,518.5
212048.0,960,518.5
212098.0,961,518.5
212148.0,960,518.5
212198.0,961,518.5
212248.0,961,518.5
212298.0,961,518.5
212348.0,961,518.5
212398.0,961,518.5
212448.0,961,518.5
212498.0,961,518.5
212548.0,960,518.5
212598.0,960,518.5
212648.0,960,518.5
212698.0,960,518.5
212748.0,960,518.5
212798.0,961,518.5
212848.0,960,518.5
212898.0,961,518.5
212948.0,960,518.5
212998.0,960,518.5
213048.0,961,518.5
213098.0,960,518.5
213148.0,960,518.5
213198.0,960,518.5
213248.0,960,518.5
213298.0,961,518.5
213348.0,961,518.5
213398.0,960,518.5
213448.0,960,518.5
213498.0,960,518.5
213548.0,960,518.5
213598.0,961,518.5
213648.0,961,518.5
213698.0,960,518.5
213748.0,961,518.5
213798.0,961,518.5
213848.0,961,518.5
213898.0,961,518.5
213948.0,960,518.5
213998.0,961,518.5
214048.0,961,518.5
214098.0,961,518.5
214148.0,961,518.5
214198.0,961,518.5
214248.0,961,518.5
214298.0,962,518.5
214348.0,961,518.5
214398.0,960,518.5
214448.0,961,518.5
214498.0,961,518.5
214548.0,960,518.5
214598.0,960,518.5
214648.0,960,518.5
214699.0,961,518.5
214749.0,960,518.5
214799.0,959,518.5
214849.0,960,518.5
214899.0,960,518.5
214949.0,960,518.5
214999.0,961,518.5
215049.0,960,518.5
215099.0,961,518.5
215149.0,961,518.5
215199.0,961,518.5
215249.0,961,518.5
215299.0,960,518.5
215349.0,960,518.5
215399.0,961,518.5
215449.0,960,518.5
215499.0,960,518.5
215549.0,960,518.5
215599.0,960,518.5
215649.0,960,518.5
215699.0,960,518.5
215749.0,960,518.5
215799.0,960,518.5
215849.0,959,518.5
215899.0,960,518.5
215949.0,960,518.5
215999.0,959,518.5
216049.0,960,518.5
216099.0,959,518.5
216150.0,959,518.5
216200.0,959,518.5
216250.0,959,518.5
216300.0,959,518.5
216350.0,959,518.5
216400.0,959,518.5
216450.0,959,518.5
216500.0,960,518.5
216550.0,959,518.5
216600.0,959,518.5
216650.0,959,518.5
216700.0,959,518.5
216750.0,959,518.5
216800.0,959,518.5
216850.0,959,518.5
216900.0,959,518.5
216950.0,959,518.5
217000.0,959,518.5
217050.0,960,518.5
217100.0,959,518.5
217150.0,959,518.5
217200.0,960,518.5
217250.0,960,518.5
217300.0,959,518.5
217350.0,959,518.5
217400.0,959,518.5
217450.0,959,518.5
217500.0,959,518.5
217550.0,959,518.5
217600.0,959,518.5
217650.0,959,518.5
217700.0,959,518.5
217750.0,959,518.5
217800.0,958,518.5
217850.0,959,518.5
217900.0,959,518.5
217950.0,959,518.5
218000.0,959,518.5
218050.0,959,518.5
218100.0,959,518.5
218150.0,960,518.5
218200.0,960,518.5
218250.0,960,518.5
218300.0,960,518.5
218350.0,959,518.5
218400.0,960,518.5
218450.0,960,518.5
218500.0,960,518.5
218550.0,960,518.5
218600.0,960,518.5
218650.0,960,518.5
218700.0,961,518.5
218750.0,960,518.5
218800.0,960,518.5
218850.0,960,518.5
218900.0,960,518.5
218950.0,960,518.5
219000.0,960,518.5
219051.0,960,518.5
219101.0,960,518.5
219151.0,960,518.5
219201.0,960,518.5
219251.0,961,518.5
219301.0,960,518.5
219351.0,959,518.5
219401.0,960,518.5
219451.0,959,518.5
219501.0,959,518.5
219551.0,960,518.5
219601.0,959,518.5
219651.0,959,518.5
219701.0,959,518.5
219751.0,960,518.5
219801.0,960,518.5
219851.0,959,518.5
219901.0,959,518.5
219951.0,959,518.5
220001.0,959,518.5
220051.0,959,518.5
220101.0,960,518.5
220151.0,959,518.5
220201.0,960,518.5
220251.0,959,518.5
220301.0,959,518.5
220351.0,960,518.5
220401.0,959,518.5
220451.0,959,518.5
220502.0,959,518.5
220552.0,959,518.5
220602.0,960,518.5
220652.0,962,518.5
220702.0,966,518.5
220752.0,967,518.5
220802.0,966,518.5
220852.0,965,518.5
220902.0,963,518.5
220952.0,961,518.5
221002.0,961,518.5
221052.0,961,518.5
221102.0,960,518.5
221152.0,960,518.5
221202.0,960,518.5
221252.0,960,518.5
221302.0,960,518.5
221352.0,960,518.5
221402.0,960,518.5
221452.0,960,518.5
221502.0,959,518.5
221552.0,960,518.5
221602.0,959,518.5
221652.0,959,518.5
221702.0,959,518.5
221752.0,959,518.5
221802.0,959,518.5
221852.0,959,518.5
221902.0,959,518.5
221952.0,959,518.5
222002.0,959,518.5
222052.0,959,518.5
222102.0,959,518.5
222152.0,959,518.5
222202.0,959,518.5
222252.0,959,518.5
222302.0,959,518.5
222352.0,959,518.5
222402.0,959,518.5
222452.0,959,518.5
222502.0,958,518.5
222552.0,959,518.5
222602.0,959,518.5
222652.0,960,518.5
222702.0,962,518.5
222752.0,963,518.5
222802.0,963,518.5
222852.0,963,518.5
222902.0,963,518.5
222952.0,964,518.5
223002.0,964,518.5
223052.0,964,518.5
223102.0,964,518.5
223152.0,964,518.5
223202.0,965,518.5
223252.0,965,518.5
223302.0,965,518.5
223352.0,965,518.5
223403.0,963,518.5
223453.0,959,518.5
223503.0,958,518.5
223553.0,958,518.5
223603.0,958,518.5
223653.0,958,518.5
223703.0,961,518.5
223753.0,961,518.5
223803.0,961,518.5
223853.0,961,518.5
223903.0,961,518.5
223953.0,959,518.5
224003.0,958,518.5
224053.0,958,518.5
224103.0,957,518.5
224153.0,956,518.5
224203.0,956,518.5
224253.0,956,518.5
224303.0,956,518.5
224353.0,956,518.5
224403.0,956,518.5
224453.0,957,518.5
224503.0,956,518.5
224553.0,956,518.5
224603.0,957,518.5
224653.0,956,518.5
224703.0,956,518.5
224753.0,956,518.5
224803.0,956,518.5
224854.0,957,518.5
224904.0,956,518.5
224954.0,956,518.5
225004.0,956,518.5
225054.0,956,518.5
225104.0,956,518.5
225154.0,957,518.5
225204.0,956,518.5
225254.0,956,518.5
225304.0,957,518.5
225354.0,956,518.5
225404.0,956,518.5
225454.0,956,518.5
225504.0,956,518.5
225554.0,956,518.5
225604.0,956,518.5
225654.0,956,518.5
225704.0,957,518.5
225754.0,956,518.5
225804.0,956,518.5
225854.0,956,518.5
225904.0,956,518.5
225954.0,956,518.5
226004.0,956,518.5
226054.0,956,518.5
226104.0,956,518.5
226154.0,956,518.5
226204.0,956,518.5
226254.0,957,518.5
226304.0,956,518.5
226354.0,956,518.5
226404.0,956,518.5
226454.0,956,518.5
226504.0,956,518.5
226554.0,956,518.5
226604.0,956,518.5
226654.0,956,518.5
226704.0,956,518.5
226754.0,956,518.5
226804.0,956,518.5
226854.0,956,518.5
226904.0,955,518.5
226954.0,956,518.5
227004.0,956,518.5
227054.0,956,518.5
227104.0,956,518.5
227154.0,956,518.5
227204.0,956,518.5
227254.0,956,518.5
227304.0,956,518.5
227354.0,957,518.5
227404.0,956,518.5
227454.0,956,518.5
227504.0,956,518.5
227554.0,956,518.5
227604.0,957,518.5
227654.0,956,518.5
227704.0,956,518.5
227755.0,956,518.5
227805.0,956,518.5
227855.0,956,518.5
227905.0,957,518.5
227955.0,956,518.5
228005.0,956,518.5
228055.0,956,518.5
228105.0,956,518.5
228155.0,957,518.5
228205.0,956,518.5
228255.0,956,518.5
228305.0,957,518.5
228355.0,956,518.5
228405.0,956,518.5
228455.0,957,518.5
228505.0,956,518.5
228555.0,956,518.5
228605.0,956,518.5
228655.0,956,518.5
228705.0,957,518.5
228755.0,956,518.5
228805.0,956,518.5
228855.0,957,518.5
228905.0,957,518.5
228955.0,956,518.5
229005.0,957,518.5
229055.0,956,518.5
229105.0,957,518.5
229155.0,956,518.5
229206.0,956,518.5
229256.0,957,518.5
229306.0,956,518.5
229356.0,957,518.5
229406.0,956,518.5
229456.0,957,518.5
229506.0,956,518.5
229556.0,957,518.5
229606.0,956,518.5
229656.0,957,518.5
229706.0,956,518.5
229756.0,957,518.5
229806.0,957,518.5
229856.0,957,518.5
229906.0,956,518.5
229956.0,956,518.5
230006.0,956,518.5
230056.0,956,518.5
230106.0,957,518.5
230156.0,956,518.5
230206.0,956,518.5
230256.0,956,518.5
230306.0,956,518.5
230356.0,957,518.5
230406.0,956,518.5
230456.0,956,518.5
230506.0,957,518.5
230556.0,956,518.5
230606.0,956,518.5
230656.0,957,518.5
230706.0,956,518.5
230756.0,956,518.5
230806.0,956,518.5
230856.0,956,518.5
230906.0,957,518.5
230956.0,956,518.5
231006.0,956,518.5
231056.0,957,518.5
231106.0,956,518.5
231156.0,956,518.5
231206.0,957,518.5
231256.0,956,518.5
231306.0,956,518.5
231356.0,956,518.5
231406.0,956,518.5
231456.0,956,518.5
231506.0,956,518.5
231556.0,956,518.5
231606.0,957,518.5
231656.0,956,518.5
231706.0,956,518.5
231756.0,956,518.5
231806.0,956,518.5
231856.0,957,518.5
231906.0,957,518.5
231956.0,956,518.5
232006.0,956,518.5
232056.0,956,518.5
232107.0,956,518.5
232157.0,957,518.5
232207.0,956,518.5
232257.0,956,518.5
232307.0,957,518.5
232357.0,956,518.5
232407.0,957,518.5
232457.0,957,518.5
232507.0,957,518.5
232557.0,959,518.5
232607.0,959,518.5
232657.0,959,518.5
232707.0,963,518.5
232757.0,963,518.5
232807.0,963,518.5
232857.0,963,518.5
232907.0,962,518.5
232957.0,963,518.5
233007.0,962,518.5
233057.0,962,518.5
233107.0,963,518.5
233157.0,963,518.5
233207.0,963,518.5
233257.0,964,518.5
233307.0,964,518.5
233357.0,963,518.5
233407.0,964,518.5
233457.0,964,518.5
233507.0,964,518.5
233558.0,964,518.5
233608.0,963,518.5
233658.0,963,518.5
233708.0,963,518.5
233758.0,963,518.5
233808.0,964,518.5
233858.0,964,518.5
233908.0,964,518.5
233958.0,965,518.5
234008.0,964,518.5
234058.0,965,518.5
234108.0,964,518.5
234158.0,965,518.5
234208.0,961,518.5
234258.0,959,518.5
234308.0,959,518.5
234358.0,959,518.5
234408.0,959,518.5
234458.0,958,518.5
234508.0,959,518.5
234558.0,958,518.5
234608.0,958,518.5
234658.0,957,518.5
234708.0,959,518.5
234758.0,960,518.5
234808.0,960,518.5
234858.0,960,518.5
234908.0,960,518.5
234958.0,960,518.5
235008.0,960,518.5
235058.0,960,518.5
235108.0,960,518.5
235158.0,960,518.5
235208.0,961,518.5
235258.0,960,518.5
235308.0,960,518.5
235358.0,960,518.5
235408.0,960,518.5
235458.0,960,518.5
235508.0,960,518.5
235558.0,960,518.5
235608.0,960,518.5
235658.0,960,518.5
235708.0,960,518.5
235758.0,960,518.5
235808.0,960,518.5
235858.0,961,518.5
235908.0,960,518.5
235958.0,960,518.5
236008.0,960,518.5
236058.0,960,518.5
236108.0,960,518.5
236158.0,960,518.5
236208.0,960,518.5
236258.0,960,518.5
236308.0,959,518.5
236358.0,960,518.5
236408.0,960,518.5
236459.0,960,518.5
236509.0,960,518.5
236559.0,960,518.5
236609.0,959,518.5
236659.0,960,518.5
236709.0,960,518.5
236759.0,960,518.5
236809.0,960,518.5
236859.0,960,518.5
236909.0,960,518.5
236959.0,960,518.5
237009.0,960,518.5
237059.0,960,518.5
237109.0,960,518.5
237159.0,960,518.5
237209.0,961,518.5
237259.0,961,518.5
237309.0,961,518.5
237359.0,962,518.5
237409.0,963,518.5
237459.0,965,518.5
237509.0,967,518.5
237559.0,968,518.5
237609.0,966,518.5
237659.0,964,518.5
237709.0,964,518.5
237759.0,964,518.5
237809.0,964,518.5
237859.0,964,518.5
237910.0,964,518.5
237960.0,964,518.5
238010.0,964,518.5
238060.0,964,518.5
238110.0,964,518.5
238160.0,964,518.5
238210.0,963,518.5
238260.0,964,518.5
238310.0,963,518.5
238360.0,964,518.5
238410.0,963,518.5
238460.0,963,518.5
238510.0,963,518.5
238560.0,963,518.5
238610.0,964,518.5
238660.0,963,518.5
238710.0,961,518.5
238760.0,962,518.5
238810.0,964,518.5
238860.0,963,518.5
238910.0,963,518.5
238960.0,963,518.5
239010.0,963,518.5
239060.0,963,518.5
239110.0,963,518.5
239160.0,964,518.5
239210.0,963,518.5
239260.0,963,518.5
239310.0,964,518.5
239360.0,964,518.5
239410.0,963,518.5
239460.0,962,518.5
239510.0,962,518.5
239560.0,962,518.5
239610.0,962,518.5
239660.0,962,518.5
239710.0,963,518.5
239760.0,962,518.5
239810.0,962,518.5
239860.0,962,518.5
239910.0,962,518.5
239960.0,963,518.5
240010.0,963,518.5
240060.0,963,518.5
240110.0,963,518.5
240160.0,963,518.5
240210.0,963,518.5
240260.0,964,518.5
240310.0,963,518.5
240360.0,961,518.5
240410.0,961,518.5
240460.0,961,518.5
240510.0,961,518.5
240560.0,961,518.5
240610.0,960,518.5
240660.0,960,518.5
240710.0,960,518.5
240760.0,960,518.5
240811.0,961,518.5
240861.0,960,518.5
240911.0,960,518.5
240961.0,961,518.5
241011.0,961,518.5
241061.0,960,518.5
241111.0,960,518.5
241161.0,960,518.5
241211.0,960,518.5
241261.0,960,518.5
241311.0,961,518.5
241361.0,961,518.5
241411.0,960,518.5
241461.0,960,518.5
241511.0,960,518.5
241561.0,961,518.5
241611.0,961,518.5
241661.0,961,518.5
241711.0,960,518.5
241761.0,961,518.5
241811.0,961,518.5
241861.0,961,518.5
241911.0,961,518.5
241961.0,961,518.5
242011.0,961,518.5
242061.0,961,518.5
242111.0,961,518.5
242161.0,961,518.5
242211.0,960,518.5
242262.0,960,518.5
242312.0,960,518.5
242362.0,960,518.5
242412.0,960,518.5
242462.0,961,518.5
242512.0,960,518.5
242562.0,960,518.5
242612.0,960,518.5
242662.0,959,518.5
242712.0,960,518.5
242762.0,960,518.5
242812.0,960,518.5
242862.0,962,518.5
242912.0,961,518.5
242962.0,962,518.5
243012.0,963,518.5
243062.0,963,518.5
243112.0,963,518.5
243162.0,963,518.5
243212.0,963,518.5
243262.0,963,518.5
243312.0,963,518.5
243362.0,963,518.5
243412.0,963,518.5
243462.0,963,518.5
243512.0,963,518.5
243562.0,963,518.5
243612.0,963,518.5
243662.0,963,518.5
243712.0,963,518.5
243762.0,963,518.5
243812.0,963,518.5
243862.0,963,518.5
243912.0,963,518.5
243962.0,963,518.5
244012.0,963,518.5
244062.0,962,518.5
244112.0,963,518.5
244162.0,963,518.5
244212.0,963,518.5
244262.0,963,518.5
244312.0,963,518.5
244362.0,963,518.5
244412.0,963,518.5
244462.0,963,518.5
244512.0,963,518.5
244562.0,963,518.5
244612.0,963,518.5
244662.0,963,518.5
244712.0,963,518.5
244762.0,963,518.5
244812.0,963,518.5
244862.0,962,518.5
244912.0,963,518.5
244962.0,962,518.5
245012.0,962,518.5
245062.0,963,518.5
245112.0,963,518.5
245163.0,962,518.5
245213.0,963,518.5
245263.0,963,518.5
245313.0,963,518.5
245363.0,963,518.5
245413.0,962,518.5
